--
-- PostgreSQL database dump
--

\restrict xyXuQqigQJlFHhdcoXhhsgKDiN1nxbliuy9a80BjvfFcRxushzvCPjLn2sdYwa9

-- Dumped from database version 17.6
-- Dumped by pg_dump version 17.6

SET statement_timeout = 0;
SET lock_timeout = 0;
SET idle_in_transaction_session_timeout = 0;
SET transaction_timeout = 0;
SET client_encoding = 'UTF8';
SET standard_conforming_strings = on;
SELECT pg_catalog.set_config('search_path', '', false);
SET check_function_bodies = false;
SET xmloption = content;
SET client_min_messages = warning;
SET row_security = off;

SET default_tablespace = '';

SET default_table_access_method = heap;

--
-- Name: auth_group; Type: TABLE; Schema: public; Owner: postgres
--

CREATE TABLE public.auth_group (
    id integer NOT NULL,
    name character varying(150) NOT NULL
);


ALTER TABLE public.auth_group OWNER TO postgres;

--
-- Name: auth_group_id_seq; Type: SEQUENCE; Schema: public; Owner: postgres
--

ALTER TABLE public.auth_group ALTER COLUMN id ADD GENERATED BY DEFAULT AS IDENTITY (
    SEQUENCE NAME public.auth_group_id_seq
    START WITH 1
    INCREMENT BY 1
    NO MINVALUE
    NO MAXVALUE
    CACHE 1
);


--
-- Name: auth_group_permissions; Type: TABLE; Schema: public; Owner: postgres
--

CREATE TABLE public.auth_group_permissions (
    id bigint NOT NULL,
    group_id integer NOT NULL,
    permission_id integer NOT NULL
);


ALTER TABLE public.auth_group_permissions OWNER TO postgres;

--
-- Name: auth_group_permissions_id_seq; Type: SEQUENCE; Schema: public; Owner: postgres
--

ALTER TABLE public.auth_group_permissions ALTER COLUMN id ADD GENERATED BY DEFAULT AS IDENTITY (
    SEQUENCE NAME public.auth_group_permissions_id_seq
    START WITH 1
    INCREMENT BY 1
    NO MINVALUE
    NO MAXVALUE
    CACHE 1
);


--
-- Name: auth_permission; Type: TABLE; Schema: public; Owner: postgres
--

CREATE TABLE public.auth_permission (
    id integer NOT NULL,
    name character varying(255) NOT NULL,
    content_type_id integer NOT NULL,
    codename character varying(100) NOT NULL
);


ALTER TABLE public.auth_permission OWNER TO postgres;

--
-- Name: auth_permission_id_seq; Type: SEQUENCE; Schema: public; Owner: postgres
--

ALTER TABLE public.auth_permission ALTER COLUMN id ADD GENERATED BY DEFAULT AS IDENTITY (
    SEQUENCE NAME public.auth_permission_id_seq
    START WITH 1
    INCREMENT BY 1
    NO MINVALUE
    NO MAXVALUE
    CACHE 1
);


--
-- Name: catalog_attributevalue; Type: TABLE; Schema: public; Owner: postgres
--

CREATE TABLE public.catalog_attributevalue (
    id bigint NOT NULL,
    value character varying(100) NOT NULL,
    display_value character varying(100) NOT NULL,
    price_adjustment numeric(10,2) NOT NULL,
    is_default boolean NOT NULL,
    swatch_color character varying(20) NOT NULL,
    swatch_image character varying(100),
    attribute_id bigint NOT NULL
);


ALTER TABLE public.catalog_attributevalue OWNER TO postgres;

--
-- Name: catalog_attributevalue_id_seq; Type: SEQUENCE; Schema: public; Owner: postgres
--

ALTER TABLE public.catalog_attributevalue ALTER COLUMN id ADD GENERATED BY DEFAULT AS IDENTITY (
    SEQUENCE NAME public.catalog_attributevalue_id_seq
    START WITH 1
    INCREMENT BY 1
    NO MINVALUE
    NO MAXVALUE
    CACHE 1
);


--
-- Name: catalog_banner; Type: TABLE; Schema: public; Owner: postgres
--

CREATE TABLE public.catalog_banner (
    id bigint NOT NULL,
    title character varying(200) NOT NULL,
    subtitle character varying(200) NOT NULL,
    image character varying(500) NOT NULL,
    placement character varying(20) NOT NULL,
    buttons_json jsonb NOT NULL,
    footer_text character varying(300) NOT NULL,
    is_active boolean NOT NULL,
    display_order integer NOT NULL,
    start_date timestamp with time zone,
    end_date timestamp with time zone,
    created_at timestamp with time zone NOT NULL,
    updated_at timestamp with time zone NOT NULL
);


ALTER TABLE public.catalog_banner OWNER TO postgres;

--
-- Name: catalog_banner_id_seq; Type: SEQUENCE; Schema: public; Owner: postgres
--

ALTER TABLE public.catalog_banner ALTER COLUMN id ADD GENERATED BY DEFAULT AS IDENTITY (
    SEQUENCE NAME public.catalog_banner_id_seq
    START WITH 1
    INCREMENT BY 1
    NO MINVALUE
    NO MAXVALUE
    CACHE 1
);


--
-- Name: catalog_category; Type: TABLE; Schema: public; Owner: postgres
--

CREATE TABLE public.catalog_category (
    id bigint NOT NULL,
    name character varying(100) NOT NULL,
    slug character varying(50) NOT NULL,
    description text NOT NULL,
    image character varying(100),
    is_active boolean NOT NULL,
    display_order integer NOT NULL,
    created_at timestamp with time zone NOT NULL,
    updated_at timestamp with time zone NOT NULL
);


ALTER TABLE public.catalog_category OWNER TO postgres;

--
-- Name: catalog_category_id_seq; Type: SEQUENCE; Schema: public; Owner: postgres
--

ALTER TABLE public.catalog_category ALTER COLUMN id ADD GENERATED BY DEFAULT AS IDENTITY (
    SEQUENCE NAME public.catalog_category_id_seq
    START WITH 1
    INCREMENT BY 1
    NO MINVALUE
    NO MAXVALUE
    CACHE 1
);


--
-- Name: catalog_product; Type: TABLE; Schema: public; Owner: postgres
--

CREATE TABLE public.catalog_product (
    id bigint NOT NULL,
    name character varying(200) NOT NULL,
    slug character varying(50) NOT NULL,
    sku character varying(50) NOT NULL,
    description text NOT NULL,
    base_price numeric(10,2) NOT NULL,
    stock_quantity integer NOT NULL,
    is_infinite_stock boolean NOT NULL,
    meta_title character varying(255) NOT NULL,
    meta_description text NOT NULL,
    is_active boolean NOT NULL,
    is_featured boolean NOT NULL,
    created_at timestamp with time zone NOT NULL,
    updated_at timestamp with time zone NOT NULL,
    subcategory_id bigint NOT NULL,
    discount_end_date timestamp with time zone,
    discount_start_date timestamp with time zone,
    discount_type character varying(20),
    discount_value numeric(10,2) NOT NULL,
    is_on_sale boolean NOT NULL,
    primary_image character varying(500),
    zakeke_product_id character varying(255),
    short_description character varying(500) NOT NULL,
    weight_kg numeric(6,3) NOT NULL
);


ALTER TABLE public.catalog_product OWNER TO postgres;

--
-- Name: catalog_product_id_seq; Type: SEQUENCE; Schema: public; Owner: postgres
--

ALTER TABLE public.catalog_product ALTER COLUMN id ADD GENERATED BY DEFAULT AS IDENTITY (
    SEQUENCE NAME public.catalog_product_id_seq
    START WITH 1
    INCREMENT BY 1
    NO MINVALUE
    NO MAXVALUE
    CACHE 1
);


--
-- Name: catalog_productattribute; Type: TABLE; Schema: public; Owner: postgres
--

CREATE TABLE public.catalog_productattribute (
    id bigint NOT NULL,
    name character varying(100) NOT NULL,
    display_name character varying(100) NOT NULL,
    attribute_type character varying(20) NOT NULL,
    is_required boolean NOT NULL,
    display_order integer NOT NULL,
    product_id bigint NOT NULL
);


ALTER TABLE public.catalog_productattribute OWNER TO postgres;

--
-- Name: catalog_productattribute_id_seq; Type: SEQUENCE; Schema: public; Owner: postgres
--

ALTER TABLE public.catalog_productattribute ALTER COLUMN id ADD GENERATED BY DEFAULT AS IDENTITY (
    SEQUENCE NAME public.catalog_productattribute_id_seq
    START WITH 1
    INCREMENT BY 1
    NO MINVALUE
    NO MAXVALUE
    CACHE 1
);


--
-- Name: catalog_productimage; Type: TABLE; Schema: public; Owner: postgres
--

CREATE TABLE public.catalog_productimage (
    id bigint NOT NULL,
    image character varying(500) NOT NULL,
    alt_text character varying(200) NOT NULL,
    display_order integer NOT NULL,
    is_primary boolean NOT NULL,
    created_at timestamp with time zone NOT NULL,
    product_id bigint NOT NULL
);


ALTER TABLE public.catalog_productimage OWNER TO postgres;

--
-- Name: catalog_productimage_id_seq; Type: SEQUENCE; Schema: public; Owner: postgres
--

ALTER TABLE public.catalog_productimage ALTER COLUMN id ADD GENERATED BY DEFAULT AS IDENTITY (
    SEQUENCE NAME public.catalog_productimage_id_seq
    START WITH 1
    INCREMENT BY 1
    NO MINVALUE
    NO MAXVALUE
    CACHE 1
);


--
-- Name: catalog_productreview; Type: TABLE; Schema: public; Owner: postgres
--

CREATE TABLE public.catalog_productreview (
    id bigint NOT NULL,
    rating integer NOT NULL,
    title character varying(200) NOT NULL,
    comment text NOT NULL,
    is_verified_purchase boolean NOT NULL,
    helpful_count integer NOT NULL,
    created_at timestamp with time zone NOT NULL,
    updated_at timestamp with time zone NOT NULL,
    product_id bigint NOT NULL,
    user_id bigint NOT NULL
);


ALTER TABLE public.catalog_productreview OWNER TO postgres;

--
-- Name: catalog_productreview_id_seq; Type: SEQUENCE; Schema: public; Owner: postgres
--

ALTER TABLE public.catalog_productreview ALTER COLUMN id ADD GENERATED BY DEFAULT AS IDENTITY (
    SEQUENCE NAME public.catalog_productreview_id_seq
    START WITH 1
    INCREMENT BY 1
    NO MINVALUE
    NO MAXVALUE
    CACHE 1
);


--
-- Name: catalog_subcategory; Type: TABLE; Schema: public; Owner: postgres
--

CREATE TABLE public.catalog_subcategory (
    id bigint NOT NULL,
    name character varying(100) NOT NULL,
    slug character varying(50) NOT NULL,
    description text NOT NULL,
    image character varying(100),
    is_active boolean NOT NULL,
    display_order integer NOT NULL,
    created_at timestamp with time zone NOT NULL,
    updated_at timestamp with time zone NOT NULL,
    category_id bigint NOT NULL
);


ALTER TABLE public.catalog_subcategory OWNER TO postgres;

--
-- Name: catalog_subcategory_id_seq; Type: SEQUENCE; Schema: public; Owner: postgres
--

ALTER TABLE public.catalog_subcategory ALTER COLUMN id ADD GENERATED BY DEFAULT AS IDENTITY (
    SEQUENCE NAME public.catalog_subcategory_id_seq
    START WITH 1
    INCREMENT BY 1
    NO MINVALUE
    NO MAXVALUE
    CACHE 1
);


--
-- Name: designs_asset; Type: TABLE; Schema: public; Owner: postgres
--

CREATE TABLE public.designs_asset (
    id bigint NOT NULL,
    file character varying(100) NOT NULL,
    type character varying(50) NOT NULL,
    original_filename character varying(255) NOT NULL,
    size_bytes bigint,
    width integer,
    height integer,
    mime_type character varying(100) NOT NULL,
    resolution_dpi integer,
    uploaded_at timestamp with time zone NOT NULL,
    is_archived boolean NOT NULL,
    user_id bigint NOT NULL
);


ALTER TABLE public.designs_asset OWNER TO postgres;

--
-- Name: designs_asset_id_seq; Type: SEQUENCE; Schema: public; Owner: postgres
--

ALTER TABLE public.designs_asset ALTER COLUMN id ADD GENERATED BY DEFAULT AS IDENTITY (
    SEQUENCE NAME public.designs_asset_id_seq
    START WITH 1
    INCREMENT BY 1
    NO MINVALUE
    NO MAXVALUE
    CACHE 1
);


--
-- Name: designs_font; Type: TABLE; Schema: public; Owner: postgres
--

CREATE TABLE public.designs_font (
    id bigint NOT NULL,
    name character varying(100) NOT NULL,
    family character varying(100) NOT NULL,
    file character varying(100) NOT NULL,
    weight character varying(50) NOT NULL,
    style character varying(50) NOT NULL,
    is_active boolean NOT NULL
);


ALTER TABLE public.designs_font OWNER TO postgres;

--
-- Name: designs_font_id_seq; Type: SEQUENCE; Schema: public; Owner: postgres
--

ALTER TABLE public.designs_font ALTER COLUMN id ADD GENERATED BY DEFAULT AS IDENTITY (
    SEQUENCE NAME public.designs_font_id_seq
    START WITH 1
    INCREMENT BY 1
    NO MINVALUE
    NO MAXVALUE
    CACHE 1
);


--
-- Name: designs_saveddesign; Type: TABLE; Schema: public; Owner: postgres
--

CREATE TABLE public.designs_saveddesign (
    id bigint NOT NULL,
    name character varying(255) NOT NULL,
    design_json jsonb NOT NULL,
    preview_image character varying(100),
    thumbnail_high_res character varying(100),
    version integer NOT NULL,
    is_template boolean NOT NULL,
    tags jsonb NOT NULL,
    created_at timestamp with time zone NOT NULL,
    updated_at timestamp with time zone NOT NULL,
    product_id bigint NOT NULL,
    user_id bigint NOT NULL
);


ALTER TABLE public.designs_saveddesign OWNER TO postgres;

--
-- Name: designs_saveddesign_id_seq; Type: SEQUENCE; Schema: public; Owner: postgres
--

ALTER TABLE public.designs_saveddesign ALTER COLUMN id ADD GENERATED BY DEFAULT AS IDENTITY (
    SEQUENCE NAME public.designs_saveddesign_id_seq
    START WITH 1
    INCREMENT BY 1
    NO MINVALUE
    NO MAXVALUE
    CACHE 1
);


--
-- Name: designs_template; Type: TABLE; Schema: public; Owner: postgres
--

CREATE TABLE public.designs_template (
    id bigint NOT NULL,
    name character varying(100) NOT NULL,
    description text NOT NULL,
    design_json jsonb,
    tags jsonb NOT NULL,
    preview_image character varying(100),
    is_active boolean NOT NULL,
    created_at timestamp with time zone NOT NULL,
    product_id bigint NOT NULL,
    subcategory_id bigint,
    locked boolean NOT NULL,
    surface character varying(50) NOT NULL
);


ALTER TABLE public.designs_template OWNER TO postgres;

--
-- Name: designs_template_id_seq; Type: SEQUENCE; Schema: public; Owner: postgres
--

ALTER TABLE public.designs_template ALTER COLUMN id ADD GENERATED BY DEFAULT AS IDENTITY (
    SEQUENCE NAME public.designs_template_id_seq
    START WITH 1
    INCREMENT BY 1
    NO MINVALUE
    NO MAXVALUE
    CACHE 1
);


--
-- Name: designs_templateelement; Type: TABLE; Schema: public; Owner: postgres
--

CREATE TABLE public.designs_templateelement (
    id bigint NOT NULL,
    type character varying(20) NOT NULL,
    default_text character varying(255) NOT NULL,
    default_image character varying(100),
    x_percent double precision NOT NULL,
    y_percent double precision NOT NULL,
    max_width_percent double precision NOT NULL,
    rotation double precision NOT NULL,
    font_family character varying(100) NOT NULL,
    font_size integer,
    color character varying(20) NOT NULL,
    locked boolean NOT NULL,
    display_order integer NOT NULL,
    template_id bigint NOT NULL
);


ALTER TABLE public.designs_templateelement OWNER TO postgres;

--
-- Name: designs_templateelement_id_seq; Type: SEQUENCE; Schema: public; Owner: postgres
--

ALTER TABLE public.designs_templateelement ALTER COLUMN id ADD GENERATED BY DEFAULT AS IDENTITY (
    SEQUENCE NAME public.designs_templateelement_id_seq
    START WITH 1
    INCREMENT BY 1
    NO MINVALUE
    NO MAXVALUE
    CACHE 1
);


--
-- Name: django_admin_log; Type: TABLE; Schema: public; Owner: postgres
--

CREATE TABLE public.django_admin_log (
    id integer NOT NULL,
    action_time timestamp with time zone NOT NULL,
    object_id text,
    object_repr character varying(200) NOT NULL,
    action_flag smallint NOT NULL,
    change_message text NOT NULL,
    content_type_id integer,
    user_id bigint NOT NULL,
    CONSTRAINT django_admin_log_action_flag_check CHECK ((action_flag >= 0))
);


ALTER TABLE public.django_admin_log OWNER TO postgres;

--
-- Name: django_admin_log_id_seq; Type: SEQUENCE; Schema: public; Owner: postgres
--

ALTER TABLE public.django_admin_log ALTER COLUMN id ADD GENERATED BY DEFAULT AS IDENTITY (
    SEQUENCE NAME public.django_admin_log_id_seq
    START WITH 1
    INCREMENT BY 1
    NO MINVALUE
    NO MAXVALUE
    CACHE 1
);


--
-- Name: django_content_type; Type: TABLE; Schema: public; Owner: postgres
--

CREATE TABLE public.django_content_type (
    id integer NOT NULL,
    app_label character varying(100) NOT NULL,
    model character varying(100) NOT NULL
);


ALTER TABLE public.django_content_type OWNER TO postgres;

--
-- Name: django_content_type_id_seq; Type: SEQUENCE; Schema: public; Owner: postgres
--

ALTER TABLE public.django_content_type ALTER COLUMN id ADD GENERATED BY DEFAULT AS IDENTITY (
    SEQUENCE NAME public.django_content_type_id_seq
    START WITH 1
    INCREMENT BY 1
    NO MINVALUE
    NO MAXVALUE
    CACHE 1
);


--
-- Name: django_migrations; Type: TABLE; Schema: public; Owner: postgres
--

CREATE TABLE public.django_migrations (
    id bigint NOT NULL,
    app character varying(255) NOT NULL,
    name character varying(255) NOT NULL,
    applied timestamp with time zone NOT NULL
);


ALTER TABLE public.django_migrations OWNER TO postgres;

--
-- Name: django_migrations_id_seq; Type: SEQUENCE; Schema: public; Owner: postgres
--

ALTER TABLE public.django_migrations ALTER COLUMN id ADD GENERATED BY DEFAULT AS IDENTITY (
    SEQUENCE NAME public.django_migrations_id_seq
    START WITH 1
    INCREMENT BY 1
    NO MINVALUE
    NO MAXVALUE
    CACHE 1
);


--
-- Name: django_session; Type: TABLE; Schema: public; Owner: postgres
--

CREATE TABLE public.django_session (
    session_key character varying(40) NOT NULL,
    session_data text NOT NULL,
    expire_date timestamp with time zone NOT NULL
);


ALTER TABLE public.django_session OWNER TO postgres;

--
-- Name: orders_order; Type: TABLE; Schema: public; Owner: postgres
--

CREATE TABLE public.orders_order (
    id bigint NOT NULL,
    status character varying(20) NOT NULL,
    currency character varying(3) NOT NULL,
    subtotal numeric(12,2) NOT NULL,
    tax_total numeric(12,2) NOT NULL,
    shipping_total numeric(12,2) NOT NULL,
    discount_total numeric(12,2) NOT NULL,
    total_amount numeric(12,2) NOT NULL,
    payment_method character varying(50) NOT NULL,
    transaction_id character varying(100) NOT NULL,
    is_paid boolean NOT NULL,
    paid_at timestamp with time zone,
    estimated_delivery_date date,
    customer_notes text NOT NULL,
    internal_notes text NOT NULL,
    created_at timestamp with time zone NOT NULL,
    updated_at timestamp with time zone NOT NULL,
    billing_address_id bigint,
    shipping_address_id bigint,
    user_id bigint NOT NULL
);


ALTER TABLE public.orders_order OWNER TO postgres;

--
-- Name: orders_order_id_seq; Type: SEQUENCE; Schema: public; Owner: postgres
--

ALTER TABLE public.orders_order ALTER COLUMN id ADD GENERATED BY DEFAULT AS IDENTITY (
    SEQUENCE NAME public.orders_order_id_seq
    START WITH 1
    INCREMENT BY 1
    NO MINVALUE
    NO MAXVALUE
    CACHE 1
);


--
-- Name: orders_orderitem; Type: TABLE; Schema: public; Owner: postgres
--

CREATE TABLE public.orders_orderitem (
    id bigint NOT NULL,
    quantity integer NOT NULL,
    unit_price numeric(10,2) NOT NULL,
    total_price numeric(12,2) NOT NULL,
    product_name_snapshot character varying(255) NOT NULL,
    sku_snapshot character varying(50) NOT NULL,
    frozen_canvas_state jsonb,
    print_file_url character varying(100),
    render_status character varying(20) NOT NULL,
    design_id bigint,
    order_id bigint NOT NULL,
    product_id bigint,
    CONSTRAINT orders_orderitem_quantity_check CHECK ((quantity >= 0))
);


ALTER TABLE public.orders_orderitem OWNER TO postgres;

--
-- Name: orders_orderitem_id_seq; Type: SEQUENCE; Schema: public; Owner: postgres
--

ALTER TABLE public.orders_orderitem ALTER COLUMN id ADD GENERATED BY DEFAULT AS IDENTITY (
    SEQUENCE NAME public.orders_orderitem_id_seq
    START WITH 1
    INCREMENT BY 1
    NO MINVALUE
    NO MAXVALUE
    CACHE 1
);


--
-- Name: orders_printjob; Type: TABLE; Schema: public; Owner: postgres
--

CREATE TABLE public.orders_printjob (
    id bigint NOT NULL,
    batch_id character varying(100) NOT NULL,
    status character varying(20) NOT NULL,
    printer_name character varying(100) NOT NULL,
    started_at timestamp with time zone,
    completed_at timestamp with time zone,
    error_log text NOT NULL,
    created_at timestamp with time zone NOT NULL
);


ALTER TABLE public.orders_printjob OWNER TO postgres;

--
-- Name: orders_printjob_id_seq; Type: SEQUENCE; Schema: public; Owner: postgres
--

ALTER TABLE public.orders_printjob ALTER COLUMN id ADD GENERATED BY DEFAULT AS IDENTITY (
    SEQUENCE NAME public.orders_printjob_id_seq
    START WITH 1
    INCREMENT BY 1
    NO MINVALUE
    NO MAXVALUE
    CACHE 1
);


--
-- Name: orders_printjob_items; Type: TABLE; Schema: public; Owner: postgres
--

CREATE TABLE public.orders_printjob_items (
    id bigint NOT NULL,
    printjob_id bigint NOT NULL,
    orderitem_id bigint NOT NULL
);


ALTER TABLE public.orders_printjob_items OWNER TO postgres;

--
-- Name: orders_printjob_items_id_seq; Type: SEQUENCE; Schema: public; Owner: postgres
--

ALTER TABLE public.orders_printjob_items ALTER COLUMN id ADD GENERATED BY DEFAULT AS IDENTITY (
    SEQUENCE NAME public.orders_printjob_items_id_seq
    START WITH 1
    INCREMENT BY 1
    NO MINVALUE
    NO MAXVALUE
    CACHE 1
);


--
-- Name: orders_shipment; Type: TABLE; Schema: public; Owner: postgres
--

CREATE TABLE public.orders_shipment (
    id bigint NOT NULL,
    carrier character varying(50) NOT NULL,
    tracking_number character varying(100) NOT NULL,
    label_url character varying(200) NOT NULL,
    status character varying(50) NOT NULL,
    weight_kg numeric(6,3) NOT NULL,
    shipped_at timestamp with time zone NOT NULL,
    delivered_at timestamp with time zone,
    order_id bigint NOT NULL
);


ALTER TABLE public.orders_shipment OWNER TO postgres;

--
-- Name: orders_shipment_id_seq; Type: SEQUENCE; Schema: public; Owner: postgres
--

ALTER TABLE public.orders_shipment ALTER COLUMN id ADD GENERATED BY DEFAULT AS IDENTITY (
    SEQUENCE NAME public.orders_shipment_id_seq
    START WITH 1
    INCREMENT BY 1
    NO MINVALUE
    NO MAXVALUE
    CACHE 1
);


--
-- Name: users_address; Type: TABLE; Schema: public; Owner: postgres
--

CREATE TABLE public.users_address (
    id bigint NOT NULL,
    company_name character varying(255) NOT NULL,
    recipient_name character varying(255) NOT NULL,
    phone_number character varying(20) NOT NULL,
    street character varying(255) NOT NULL,
    apartment_suite character varying(100) NOT NULL,
    city character varying(100) NOT NULL,
    state character varying(100) NOT NULL,
    zip_code character varying(20) NOT NULL,
    country character varying(100) NOT NULL,
    type character varying(20) NOT NULL,
    is_default boolean NOT NULL,
    created_at timestamp with time zone NOT NULL,
    updated_at timestamp with time zone NOT NULL,
    user_id bigint NOT NULL
);


ALTER TABLE public.users_address OWNER TO postgres;

--
-- Name: users_address_id_seq; Type: SEQUENCE; Schema: public; Owner: postgres
--

ALTER TABLE public.users_address ALTER COLUMN id ADD GENERATED BY DEFAULT AS IDENTITY (
    SEQUENCE NAME public.users_address_id_seq
    START WITH 1
    INCREMENT BY 1
    NO MINVALUE
    NO MAXVALUE
    CACHE 1
);


--
-- Name: users_role; Type: TABLE; Schema: public; Owner: postgres
--

CREATE TABLE public.users_role (
    id bigint NOT NULL,
    name character varying(50) NOT NULL,
    description text NOT NULL,
    created_at timestamp with time zone NOT NULL,
    updated_at timestamp with time zone NOT NULL
);


ALTER TABLE public.users_role OWNER TO postgres;

--
-- Name: users_role_id_seq; Type: SEQUENCE; Schema: public; Owner: postgres
--

ALTER TABLE public.users_role ALTER COLUMN id ADD GENERATED BY DEFAULT AS IDENTITY (
    SEQUENCE NAME public.users_role_id_seq
    START WITH 1
    INCREMENT BY 1
    NO MINVALUE
    NO MAXVALUE
    CACHE 1
);


--
-- Name: users_user; Type: TABLE; Schema: public; Owner: postgres
--

CREATE TABLE public.users_user (
    id bigint NOT NULL,
    password character varying(128) NOT NULL,
    last_login timestamp with time zone,
    is_superuser boolean NOT NULL,
    username character varying(150) NOT NULL,
    first_name character varying(150) NOT NULL,
    last_name character varying(150) NOT NULL,
    email character varying(254) NOT NULL,
    is_staff boolean NOT NULL,
    is_active boolean NOT NULL,
    date_joined timestamp with time zone NOT NULL,
    phone character varying(20) NOT NULL,
    avatar character varying(100),
    company_name character varying(255) NOT NULL,
    tax_id character varying(50) NOT NULL,
    is_verified boolean NOT NULL,
    marketing_opt_in boolean NOT NULL,
    last_login_ip inet,
    created_at timestamp with time zone NOT NULL,
    updated_at timestamp with time zone NOT NULL,
    role_id bigint
);


ALTER TABLE public.users_user OWNER TO postgres;

--
-- Name: users_user_groups; Type: TABLE; Schema: public; Owner: postgres
--

CREATE TABLE public.users_user_groups (
    id bigint NOT NULL,
    user_id bigint NOT NULL,
    group_id integer NOT NULL
);


ALTER TABLE public.users_user_groups OWNER TO postgres;

--
-- Name: users_user_groups_id_seq; Type: SEQUENCE; Schema: public; Owner: postgres
--

ALTER TABLE public.users_user_groups ALTER COLUMN id ADD GENERATED BY DEFAULT AS IDENTITY (
    SEQUENCE NAME public.users_user_groups_id_seq
    START WITH 1
    INCREMENT BY 1
    NO MINVALUE
    NO MAXVALUE
    CACHE 1
);


--
-- Name: users_user_id_seq; Type: SEQUENCE; Schema: public; Owner: postgres
--

ALTER TABLE public.users_user ALTER COLUMN id ADD GENERATED BY DEFAULT AS IDENTITY (
    SEQUENCE NAME public.users_user_id_seq
    START WITH 1
    INCREMENT BY 1
    NO MINVALUE
    NO MAXVALUE
    CACHE 1
);


--
-- Name: users_user_user_permissions; Type: TABLE; Schema: public; Owner: postgres
--

CREATE TABLE public.users_user_user_permissions (
    id bigint NOT NULL,
    user_id bigint NOT NULL,
    permission_id integer NOT NULL
);


ALTER TABLE public.users_user_user_permissions OWNER TO postgres;

--
-- Name: users_user_user_permissions_id_seq; Type: SEQUENCE; Schema: public; Owner: postgres
--

ALTER TABLE public.users_user_user_permissions ALTER COLUMN id ADD GENERATED BY DEFAULT AS IDENTITY (
    SEQUENCE NAME public.users_user_user_permissions_id_seq
    START WITH 1
    INCREMENT BY 1
    NO MINVALUE
    NO MAXVALUE
    CACHE 1
);


--
-- Name: zakeke_zakekeproduct; Type: TABLE; Schema: public; Owner: postgres
--

CREATE TABLE public.zakeke_zakekeproduct (
    id bigint NOT NULL,
    zakeke_product_id character varying(255) NOT NULL,
    is_active boolean NOT NULL,
    created_at timestamp with time zone NOT NULL,
    updated_at timestamp with time zone NOT NULL,
    product_id bigint NOT NULL
);


ALTER TABLE public.zakeke_zakekeproduct OWNER TO postgres;

--
-- Name: zakeke_zakekeproduct_id_seq; Type: SEQUENCE; Schema: public; Owner: postgres
--

ALTER TABLE public.zakeke_zakekeproduct ALTER COLUMN id ADD GENERATED BY DEFAULT AS IDENTITY (
    SEQUENCE NAME public.zakeke_zakekeproduct_id_seq
    START WITH 1
    INCREMENT BY 1
    NO MINVALUE
    NO MAXVALUE
    CACHE 1
);


--
-- Data for Name: auth_group; Type: TABLE DATA; Schema: public; Owner: postgres
--

COPY public.auth_group (id, name) FROM stdin;
\.


--
-- Data for Name: auth_group_permissions; Type: TABLE DATA; Schema: public; Owner: postgres
--

COPY public.auth_group_permissions (id, group_id, permission_id) FROM stdin;
\.


--
-- Data for Name: auth_permission; Type: TABLE DATA; Schema: public; Owner: postgres
--

COPY public.auth_permission (id, name, content_type_id, codename) FROM stdin;
1	Can add log entry	1	add_logentry
2	Can change log entry	1	change_logentry
3	Can delete log entry	1	delete_logentry
4	Can view log entry	1	view_logentry
5	Can add permission	3	add_permission
6	Can change permission	3	change_permission
7	Can delete permission	3	delete_permission
8	Can view permission	3	view_permission
9	Can add group	2	add_group
10	Can change group	2	change_group
11	Can delete group	2	delete_group
12	Can view group	2	view_group
13	Can add content type	4	add_contenttype
14	Can change content type	4	change_contenttype
15	Can delete content type	4	delete_contenttype
16	Can view content type	4	view_contenttype
17	Can add session	5	add_session
18	Can change session	5	change_session
19	Can delete session	5	delete_session
20	Can view session	5	view_session
21	Can add role	7	add_role
22	Can change role	7	change_role
23	Can delete role	7	delete_role
24	Can view role	7	view_role
25	Can add user	8	add_user
26	Can change user	8	change_user
27	Can delete user	8	delete_user
28	Can view user	8	view_user
29	Can add address	6	add_address
30	Can change address	6	change_address
31	Can delete address	6	delete_address
32	Can view address	6	view_address
33	Can add category	10	add_category
34	Can change category	10	change_category
35	Can delete category	10	delete_category
36	Can view category	10	view_category
37	Can add product	12	add_product
38	Can change product	12	change_product
39	Can delete product	12	delete_product
40	Can view product	12	view_product
41	Can add print specs	11	add_printspecs
42	Can change print specs	11	change_printspecs
43	Can delete print specs	11	delete_printspecs
44	Can view print specs	11	view_printspecs
45	Can add product attribute	13	add_productattribute
46	Can change product attribute	13	change_productattribute
47	Can delete product attribute	13	delete_productattribute
48	Can view product attribute	13	view_productattribute
49	Can add attribute value	9	add_attributevalue
50	Can change attribute value	9	change_attributevalue
51	Can delete attribute value	9	delete_attributevalue
52	Can view attribute value	9	view_attributevalue
53	Can add subcategory	16	add_subcategory
54	Can change subcategory	16	change_subcategory
55	Can delete subcategory	16	delete_subcategory
56	Can view subcategory	16	view_subcategory
57	Can add product image	14	add_productimage
58	Can change product image	14	change_productimage
59	Can delete product image	14	delete_productimage
60	Can view product image	14	view_productimage
61	Can add product review	15	add_productreview
62	Can change product review	15	change_productreview
63	Can delete product review	15	delete_productreview
64	Can view product review	15	view_productreview
65	Can add asset	17	add_asset
66	Can change asset	17	change_asset
67	Can delete asset	17	delete_asset
68	Can view asset	17	view_asset
69	Can add font	18	add_font
70	Can change font	18	change_font
71	Can delete font	18	delete_font
72	Can view font	18	view_font
73	Can add saved design	19	add_saveddesign
74	Can change saved design	19	change_saveddesign
75	Can delete saved design	19	delete_saveddesign
76	Can view saved design	19	view_saveddesign
77	Can add template	20	add_template
78	Can change template	20	change_template
79	Can delete template	20	delete_template
80	Can view template	20	view_template
81	Can add order	21	add_order
82	Can change order	21	change_order
83	Can delete order	21	delete_order
84	Can view order	21	view_order
85	Can add order item	22	add_orderitem
86	Can change order item	22	change_orderitem
87	Can delete order item	22	delete_orderitem
88	Can view order item	22	view_orderitem
89	Can add print job	23	add_printjob
90	Can change print job	23	change_printjob
91	Can delete print job	23	delete_printjob
92	Can view print job	23	view_printjob
93	Can add shipment	24	add_shipment
94	Can change shipment	24	change_shipment
95	Can delete shipment	24	delete_shipment
96	Can view shipment	24	view_shipment
97	Can add banner	25	add_banner
98	Can change banner	25	change_banner
99	Can delete banner	25	delete_banner
100	Can view banner	25	view_banner
101	Can add template element	26	add_templateelement
102	Can change template element	26	change_templateelement
103	Can delete template element	26	delete_templateelement
104	Can view template element	26	view_templateelement
105	Can add zakeke product	27	add_zakekeproduct
106	Can change zakeke product	27	change_zakekeproduct
107	Can delete zakeke product	27	delete_zakekeproduct
108	Can view zakeke product	27	view_zakekeproduct
\.


--
-- Data for Name: catalog_attributevalue; Type: TABLE DATA; Schema: public; Owner: postgres
--

COPY public.catalog_attributevalue (id, value, display_value, price_adjustment, is_default, swatch_color, swatch_image, attribute_id) FROM stdin;
\.


--
-- Data for Name: catalog_banner; Type: TABLE DATA; Schema: public; Owner: postgres
--

COPY public.catalog_banner (id, title, subtitle, image, placement, buttons_json, footer_text, is_active, display_order, start_date, end_date, created_at, updated_at) FROM stdin;
\.


--
-- Data for Name: catalog_category; Type: TABLE DATA; Schema: public; Owner: postgres
--

COPY public.catalog_category (id, name, slug, description, image, is_active, display_order, created_at, updated_at) FROM stdin;
2	Visiting Cards	visitingcard	this is visiting card		t	0	2025-12-20 11:42:44.075538+05:30	2025-12-20 11:48:36.929361+05:30
5	Stationery Letterheads and Notebooks	StationeryLetterheadsandNotebooks	Stationery Letterheads and Notebooks		t	0	2025-12-20 12:51:40.477617+05:30	2025-12-20 12:51:40.477637+05:30
6	Signs, Posters & Marketing Materials	SignsPosters	Signs, Posters & Marketing Materials		t	0	2025-12-20 14:24:21.709034+05:30	2025-12-20 14:24:21.70906+05:30
7	Labels, Sticker and Packaging	LabelsStickerandPackaging	Labels, Sticker and Packaging		t	0	2025-12-20 15:31:04.550434+05:30	2025-12-20 15:31:04.55045+05:30
8	Clothing, Caps and Bags	ClothingCapsandBags	Clothing, Caps and Bags		t	0	2025-12-20 16:17:53.142731+05:30	2025-12-20 16:17:53.142756+05:30
9	Drinkwark	123asd	drinkware		t	0	2025-12-23 10:57:00.882726+05:30	2025-12-23 10:57:00.882749+05:30
\.


--
-- Data for Name: catalog_product; Type: TABLE DATA; Schema: public; Owner: postgres
--

COPY public.catalog_product (id, name, slug, sku, description, base_price, stock_quantity, is_infinite_stock, meta_title, meta_description, is_active, is_featured, created_at, updated_at, subcategory_id, discount_end_date, discount_start_date, discount_type, discount_value, is_on_sale, primary_image, zakeke_product_id, short_description, weight_kg) FROM stdin;
1	Standard Visiting Card	StandardVisitingCard	11	Standard Visiting Card	2.00	1000	t			t	f	2025-12-20 12:31:20.699274+05:30	2025-12-20 12:31:20.699291+05:30	2	\N	\N		0.00	t	\N	\N		0.000
2	Classic Visiting Cards	ClassicVisitingCards	12	Classic Visiting Cards	2.00	1000	t			t	f	2025-12-20 12:34:54.940659+05:30	2025-12-20 12:34:54.940681+05:30	2	\N	\N		0.00	t	\N	\N		0.000
3	Rounded Corner Visiting Cards	RoundedCornerVisitingCard	13	Rounded Corner Visiting Card	2.00	1000	t			t	f	2025-12-20 12:35:54.134782+05:30	2025-12-20 12:35:54.134796+05:30	2	\N	\N		0.00	t	\N	\N		0.000
4	Square Visiting Cards	SquareVisitingCards	14	Square Visiting Cards	2.00	1000	t			t	f	2025-12-20 12:36:45.200252+05:30	2025-12-20 12:36:45.200267+05:30	2	\N	\N		0.00	t	\N	\N		0.000
5	Leaf Visiting Cards	LeafVisitingCards	15	Leaf Visiting Cards	2.00	1000	t			t	f	2025-12-20 12:37:35.781911+05:30	2025-12-20 12:37:35.781926+05:30	2	\N	\N		0.00	t	\N	\N		0.000
6	Oval Visiting Cards	OvalVisitingCards	16	Oval Visiting Cards	2.00	1000	t			t	f	2025-12-20 12:38:28.276923+05:30	2025-12-20 12:38:28.276936+05:30	2	\N	\N		0.00	t	\N	\N		0.000
7	Circle Visiting Cards	CircleVisitingCards	17	Circle Visiting Cards	2.00	1000	t			t	f	2025-12-20 12:39:32.32648+05:30	2025-12-20 12:39:32.326495+05:30	2	\N	\N		0.00	t	\N	\N		0.000
8	QR Code Visiting Cards	QRCodeVisitingCards	18	QR Code Visiting Cards	2.00	0	t			t	f	2025-12-20 12:41:29.056516+05:30	2025-12-20 12:41:29.056531+05:30	3	\N	\N		0.00	t	\N	\N		0.000
9	NFC Visiting Cards	NFCVisitingCards	19	NFC Visiting Cards	2.00	1000	t			t	f	2025-12-20 12:42:19.006093+05:30	2025-12-20 12:42:19.006116+05:30	3	\N	\N		0.00	t	\N	\N		0.000
10	Spot UV Visiting Cards	SpotUVVisitingCards	20	Spot UV Visiting Cards	2.00	1000	t			t	f	2025-12-20 12:43:08.885529+05:30	2025-12-20 12:43:08.885544+05:30	4	\N	\N		0.00	t	\N	\N		0.000
11	Raised Foil Visiting Cards	RaisedFoilVisitingCards	21	Raised Foil Visiting Cards	2.00	1000	t			t	f	2025-12-20 12:44:03.730416+05:30	2025-12-20 12:44:03.730431+05:30	4	\N	\N		0.00	t	\N	\N		0.000
12	Glossy Visiting Cards	GlossyVisitingCards	22	Glossy Visiting Cards	2.00	1000	t			t	f	2025-12-20 12:44:49.774007+05:30	2025-12-20 12:44:49.774026+05:30	5	\N	\N		0.00	t	\N	\N		0.000
13	Matte Visiting Cards	MatteVisitingCards	23	Matte Visiting Cards	2.00	0	t			t	f	2025-12-20 12:45:33.327245+05:30	2025-12-20 12:45:33.327261+05:30	5	\N	\N		0.00	t	\N	\N		0.000
14	Bulk Visiting Cards	BulkVisitingCards	24	Bulk Visiting Cards	2.00	1000	t			t	f	2025-12-20 12:46:20.646099+05:30	2025-12-20 12:46:20.646122+05:30	5	\N	\N		0.00	t	\N	\N		0.000
15	Personalised Notebooks	PersonalisedNotebooks	25	Personalised Notebooks	2.00	1000	t			t	f	2025-12-20 12:55:09.218247+05:30	2025-12-20 12:55:09.218262+05:30	6	\N	\N		0.00	t	\N	\N		0.000
16	Diary with Pen Holder	DiarywithPenHolder	26	Diary with Pen Holder	2.00	0	t			t	f	2025-12-20 12:55:50.440621+05:30	2025-12-20 12:55:50.440636+05:30	6	\N	\N		0.00	t	\N	\N		0.000
17	Personalised A5 Diary	PersonalisedA5Diary	27	Personalised A5 Diary	2.00	1000	t			t	f	2025-12-20 12:56:43.339182+05:30	2025-12-20 12:56:43.339197+05:30	6	\N	\N		0.00	t	\N	\N		0.000
18	Personalised Diary with Magnetic Look	PersonalisedDiarywithMagneticLook	28	Personalised Diary with Magnetic Look	2.00	1008	t			t	f	2025-12-20 12:57:43.735676+05:30	2025-12-20 12:57:43.735697+05:30	6	\N	\N		0.00	t	\N	\N		0.000
19	Notebook A4 Size	NotebookA4Size	29	Notebook A4 Size	2.00	0	t			t	f	2025-12-20 12:58:29.233284+05:30	2025-12-20 12:58:29.233311+05:30	6	\N	\N		0.00	t	\N	\N		0.000
20	Customized Pens	CustomizedPens	30	Customized Pens	2.00	0	t			t	f	2025-12-20 12:59:40.652634+05:30	2025-12-20 12:59:40.652649+05:30	7	\N	\N		0.00	t	\N	\N		0.000
21	Personalised Pens	PersonalisedPens	31	Personalised Pens	2.00	1000	t			t	f	2025-12-20 13:00:42.66295+05:30	2025-12-20 13:00:42.662965+05:30	7	\N	\N		0.00	t	\N	\N		0.000
22	Wooden Finish Metal Ball Pens	WoodenFinishMetalBallPens	32	Wooden Finish Metal Ball Pens	2.00	1000	t			t	f	2025-12-20 13:01:40.269285+05:30	2025-12-20 13:01:40.269298+05:30	7	\N	\N		0.00	t	\N	\N		0.000
23	Premium Matte Pens	PremiumMattePens	33	Premium Matte Pens	2.00	1000	t			t	f	2025-12-20 13:02:38.249524+05:30	2025-12-20 13:02:38.249542+05:30	7	\N	\N		0.00	t	\N	\N		0.000
41	Tent Cards	TentCards	51	Tent Cards	200.00	100	t			t	f	2025-12-20 14:34:28.302656+05:30	2025-12-20 14:34:28.302682+05:30	10	\N	\N		0.00	t	\N	\N		0.000
24	Wedding Invitations	WeddingInvitations	35	Wedding Invitations	2.00	1000	t			t	f	2025-12-20 13:03:26.428113+05:30	2025-12-20 13:03:55.746775+05:30	8	\N	\N		0.00	t	\N	\N		0.000
25	Save The Date Cards	SaveTheDateCards	34	Save The Date Cards	2.00	1000	t			t	f	2025-12-20 13:04:45.713225+05:30	2025-12-20 13:04:45.713241+05:30	8	\N	\N		0.00	f	\N	\N		0.000
26	Wedding Menu	WeddingMenu	36	Wedding Menu	2.00	1000	t			t	f	2025-12-20 13:05:30.116606+05:30	2025-12-20 13:05:30.116621+05:30	8	\N	\N		0.00	t	\N	\N		0.000
27	Wedding Programmes	WeddingProgrammes	37	Wedding Programmes	2.00	1000	t			t	f	2025-12-20 13:06:30.133303+05:30	2025-12-20 13:06:30.133319+05:30	8	\N	\N		0.00	t	\N	\N		0.000
28	Shop all wedding Stationery	ShopallweddingStationery	38	Shop all wedding Stationery	2.00	1000	t			t	f	2025-12-20 13:07:19.179096+05:30	2025-12-20 13:07:19.179113+05:30	8	\N	\N		0.00	t	\N	\N		0.000
29	Presentation Folders	PresentationFolders	39	Presentation Folders	2.00	1000	t			t	f	2025-12-20 13:08:06.427191+05:30	2025-12-20 13:08:06.427208+05:30	9	\N	\N		0.00	t	\N	\N		0.000
30	Ring Binder File	RingBinderFile	40	Ring Binder File	2.00	1000	t			t	f	2025-12-20 13:08:58.127109+05:30	2025-12-20 13:08:58.127126+05:30	9	\N	\N		0.00	t	\N	\N		0.000
31	Presentation File with Pocket	PresentationFilewithPocket	41	Presentation File with Pocket	2.00	1000	t			t	f	2025-12-20 13:09:54.026646+05:30	2025-12-20 13:09:54.026661+05:30	9	\N	\N		0.00	t	\N	\N		0.000
32	Show all Files and Folders	ShowallFilesandFolders	42	Show all Files and Folders	2.00	1000	t			t	f	2025-12-20 13:10:51.575428+05:30	2025-12-20 13:10:51.575444+05:30	9	\N	\N		0.00	t	\N	\N		0.000
42	Shop all signs and poster	Shopallsignsandposter	52	Shop all signs and poster	900.00	0	t			t	f	2025-12-20 14:35:12.144584+05:30	2025-12-20 14:35:12.144598+05:30	10	\N	\N		0.00	t	\N	\N		0.000
33	Premium Magnetic Metal Roller Pens	PremiumMagneticMetalRollerPens	43	Premium Magnetic Metal Roller Pens	2.00	998	t			t	f	2025-12-20 13:13:25.137586+05:30	2025-12-20 13:14:09.126988+05:30	7	\N	\N		0.00	t	\N	\N		0.000
34	Standees	Standees	44	Standees	2.00	1000	t			t	f	2025-12-20 14:28:13.174215+05:30	2025-12-20 14:28:13.17423+05:30	10	\N	\N		0.00	t	\N	\N		0.000
35	Posters	Posters	45	Posters	2.00	999	t			t	f	2025-12-20 14:28:48.162251+05:30	2025-12-20 14:28:48.162267+05:30	10	\N	\N		0.00	t	\N	\N		0.000
36	Bulk Posters	BulkPosters	46	Bulk Posters	2.00	0	t			t	f	2025-12-20 14:29:38.326027+05:30	2025-12-20 14:29:38.326037+05:30	10	\N	\N		0.00	t	\N	\N		0.000
37	Banners	Banners	47	Banners	900.00	1000	t			t	f	2025-12-20 14:30:49.308745+05:30	2025-12-20 14:30:49.308759+05:30	10	\N	\N		0.00	t	\N	\N		0.000
38	Tabletop Standees	TabletopStandees	48	Tabletop Standees	900.00	100	t			t	f	2025-12-20 14:31:44.734863+05:30	2025-12-20 14:31:44.734898+05:30	10	\N	\N		0.00	t	\N	\N		0.000
39	Foam Boards	FoamBoards	49	Foam Boards	900.00	10	t			t	f	2025-12-20 14:32:28.783928+05:30	2025-12-20 14:32:28.783946+05:30	10	\N	\N		0.00	t	\N	\N		0.000
40	Tabletop Signs	TabletopSigns	50	Tabletop Signs	400.00	100	t			t	f	2025-12-20 14:33:20.033072+05:30	2025-12-20 14:33:20.033088+05:30	10	\N	\N		0.00	t	\N	\N		0.000
43	Flyers	Flyers	55	Flyers	200.00	900	t			t	f	2025-12-20 14:35:50.878281+05:30	2025-12-20 14:37:32.417478+05:30	11	\N	\N		0.00	t	\N	\N		0.000
45	Presentation Folders	PresentationFolders1	53	Presentation Folders	500.00	100	t			t	f	2025-12-20 14:48:46.564501+05:30	2025-12-20 14:49:28.217572+05:30	11	\N	\N		0.00	f	\N	\N		0.000
46	Brouchers	Brouchers	54	Brouchers	700.00	100	t			t	f	2025-12-20 14:51:10.783009+05:30	2025-12-20 14:51:10.783024+05:30	11	\N	\N		0.00	f	\N	\N		0.000
47	Booklets	Booklets	57	Booklets	160.00	700	t			t	f	2025-12-20 14:52:09.882196+05:30	2025-12-20 14:52:09.882222+05:30	11	\N	\N		0.00	f	\N	\N		0.000
48	Bulk Flyers	BulkFlyers	56	Bulk Flyers	1.90	3000	t			t	f	2025-12-20 14:53:21.270718+05:30	2025-12-20 14:53:21.270736+05:30	11	\N	\N		0.00	f	\N	\N		0.000
49	Postcards	Postcards	58	Postcards	150.00	20	t			t	f	2025-12-20 14:54:26.092896+05:30	2025-12-20 14:54:26.092912+05:30	11	\N	\N		0.00	f	\N	\N		0.000
50	Canvas Rolis	CanvasRolis	59	Canvas Rolis	350.00	900	t			t	f	2025-12-20 14:55:32.867571+05:30	2025-12-20 14:55:32.867601+05:30	11	\N	\N		0.00	f	\N	\N		0.000
51	Custom Mouse Pads	CustomMousePads	60	Custom Mouse Pads	320.00	699	t			t	f	2025-12-20 14:57:26.154521+05:30	2025-12-20 14:57:26.154537+05:30	11	\N	\N		0.00	f	\N	\N		0.000
52	Custom Bookmarks	CustomBookmarks	61	Custom Bookmarks	20.00	500	t			t	f	2025-12-20 14:58:26.720619+05:30	2025-12-20 14:58:26.720636+05:30	11	\N	\N		0.00	f	\N	\N		0.000
53	Acrylic Signs	AcrylicSigns	62	Acrylic Signs	650.00	100	t			t	f	2025-12-20 14:59:53.544566+05:30	2025-12-20 14:59:53.544582+05:30	12	\N	\N		0.00	f	\N	\N		0.000
54	Outdoor Signs	OutdoorSigns	63	Outdoor Signs	210.00	800	t			t	f	2025-12-20 15:00:41.713019+05:30	2025-12-20 15:00:41.713034+05:30	11	\N	\N		0.00	f	\N	\N		0.000
55	Plastic Signboard	PlasticSignboard	65	Plastic Signboard	450.00	0	t			t	f	2025-12-20 15:01:35.512107+05:30	2025-12-20 15:01:35.512123+05:30	12	\N	\N		0.00	f	\N	\N		0.000
56	Board Signs	BoardSigns	64	Board Signs	190.00	100	t			t	f	2025-12-20 15:02:41.12784+05:30	2025-12-20 15:02:41.127855+05:30	12	\N	\N		0.00	f	\N	\N		0.000
57	Canvas Signs	CanvasSigns	66	Canvas Signs	790.00	0	t			t	f	2025-12-20 15:03:48.878319+05:30	2025-12-20 15:03:48.878337+05:30	13	\N	\N		0.00	f	\N	\N		0.000
58	Magnetic Signs	MagneticSigns	67	Magnetic Signs	220.00	99	t			t	f	2025-12-20 15:04:53.672608+05:30	2025-12-20 15:04:53.672624+05:30	12	\N	\N		0.00	f	\N	\N		0.000
59	Exit Signs	ExitSigns	68	ExitSigns	150.00	100	t			t	f	2025-12-20 15:05:43.864584+05:30	2025-12-20 15:05:43.8646+05:30	12	\N	\N		0.00	f	\N	\N		0.000
60	Women's Restroom Signs	WomensRestroomSigns	70	Women's Restroom Signs	170.00	900	t			t	f	2025-12-20 15:07:34.995444+05:30	2025-12-20 15:07:34.995471+05:30	12	\N	\N		0.00	f	\N	\N		0.000
61	Men's Restroom Signs	MensRestroomsigns	69	Men's Restroom Signs	169.99	100	t			t	f	2025-12-20 15:08:58.404177+05:30	2025-12-20 15:08:58.404195+05:30	12	\N	\N		0.00	f	\N	\N		0.000
62	Custom Car Door Decals	CustomCarDoorDecals	71	Custom Car Door Decals	200.00	999	t			t	f	2025-12-20 15:10:00.1142+05:30	2025-12-20 15:10:00.114215+05:30	13	\N	\N		0.00	f	\N	\N		0.000
63	Door Hangers	DoorHangers	72	Door Hangers	350.00	900	t			t	f	2025-12-20 15:11:21.350932+05:30	2025-12-20 15:11:21.350949+05:30	13	\N	\N		0.00	f	\N	\N		0.000
64	Danglers	Danglers	73	Danglers	150.00	800	t			t	f	2025-12-20 15:12:23.159111+05:30	2025-12-20 15:12:23.159129+05:30	13	\N	\N		0.00	f	\N	\N		0.000
65	Menu Cards	MenuCards	74	Menu Cards	140.00	86	t			t	f	2025-12-20 15:13:12.743687+05:30	2025-12-20 15:13:12.743702+05:30	13	\N	\N		0.00	t	\N	\N		0.000
66	Rate Cards	RateCards	75	Rate Cards	140.00	900	t			t	f	2025-12-20 15:14:07.397481+05:30	2025-12-20 15:14:07.397497+05:30	13	\N	\N		0.00	t	\N	\N		0.000
67	Loyalty Cards	LoyaltyCards	76		150.00	0	t			t	f	2025-12-20 15:15:01.807938+05:30	2025-12-20 15:15:01.807956+05:30	13	\N	\N		0.00	f	\N	\N		0.000
68	Custom Gift Certificates	CustomGiftCertificates	77	Custom Gift Certificates	140.00	100	t			t	f	2025-12-20 15:15:56.315744+05:30	2025-12-20 15:15:56.315762+05:30	13	\N	\N		0.00	f	\N	\N		0.000
69	Custom Button Badges	ButtonBadges	78	Button Badges	700.00	10	t			t	f	2025-12-20 15:18:00.559517+05:30	2025-12-20 15:18:00.559532+05:30	13	\N	\N		0.00	f	\N	\N		0.000
70	Paper Bags	PaperBags	79	Paper Bags	449.97	100	t			t	f	2025-12-20 15:19:10.974163+05:30	2025-12-20 15:19:10.974182+05:30	13	\N	\N		0.00	t	\N	\N		0.000
71	Custom Keychains	CustomKeychains	80	Custom Keychains	200.00	10	t			t	f	2025-12-20 15:20:31.205189+05:30	2025-12-20 15:20:31.205204+05:30	13	\N	\N		0.00	f	\N	\N		0.000
72	Custom Table cloths	CustomTablecloths	81	Custom Table cloths	5000.00	90	t			t	f	2025-12-20 15:22:53.094564+05:30	2025-12-20 15:23:12.095711+05:30	14	\N	\N		0.00	f	\N	\N		0.000
73	Table Runners	TableRunners	82	Table Runners	2000.00	99	t			t	f	2025-12-20 15:25:03.699491+05:30	2025-12-20 15:25:03.699506+05:30	14	\N	\N		0.00	f	\N	\N		0.000
74	Table Mats	TableMats	83	Table Mats	390.00	0	t			t	f	2025-12-20 15:26:11.165923+05:30	2025-12-20 15:26:11.165943+05:30	14	\N	\N		0.00	f	\N	\N		0.000
75	Place Mats	PlaceMats	84	Place Mats	330.00	100	t			t	f	2025-12-20 15:28:08.910061+05:30	2025-12-20 15:28:08.910079+05:30	14	\N	\N		0.00	f	\N	\N		0.000
76	Shipping and Mailing Label	ShippingandMailingLabel	85	Shipping and Mailing Label	150.00	100	t			t	f	2025-12-20 15:34:49.64624+05:30	2025-12-20 15:34:49.646257+05:30	16	\N	\N		0.00	f	\N	\N		0.000
77	Product and Packaging Labels	ProductandPackagingLabels	86	Product and Packaging Labels	160.00	100	t			t	f	2025-12-20 15:35:45.849332+05:30	2025-12-20 15:35:45.849353+05:30	16	\N	\N		0.00	f	\N	\N		0.000
78	Return Address Labels	ReturnAddressLabels	87	Return Address Labels	340.00	0	t			t	f	2025-12-20 15:36:48.981897+05:30	2025-12-20 15:36:48.981911+05:30	16	\N	\N		0.00	f	\N	\N		0.000
79	Transparent Labels	TransparentLabels	88	Transparent Labels	399.98	0	t			t	f	2025-12-20 15:38:00.265363+05:30	2025-12-20 15:38:00.265383+05:30	16	\N	\N		0.00	f	\N	\N		0.000
80	Custom Iron on labels	CustomIrononlabels	89	Custom Iron on labels	24.00	100	t			t	f	2025-12-20 15:39:04.098013+05:30	2025-12-20 15:39:04.098029+05:30	16	\N	\N		0.00	f	\N	\N		0.000
81	Industrial Label	IndustrialLabel	90	Industrial Label	550.00	10	t			t	f	2025-12-20 15:40:11.432539+05:30	2025-12-20 15:40:11.432552+05:30	16	\N	\N		0.00	f	\N	\N		0.000
82	Shop all Custom Labels	ShopallCustomLabels	91	Shop all Custom Labels	100.00	0	t			t	f	2025-12-20 15:41:19.179647+05:30	2025-12-20 15:41:19.179661+05:30	16	\N	\N		0.00	f	\N	\N		0.000
83	Hang Tags	HangTags	92	Hang Tags	150.00	0	t			t	f	2025-12-20 15:42:17.098977+05:30	2025-12-20 15:42:17.098999+05:30	17	\N	\N		0.00	f	\N	\N		0.000
84	Name Tags	NameTags	93	Name Tags	140.00	100	t			t	f	2025-12-20 15:43:03.855506+05:30	2025-12-20 15:43:03.855525+05:30	17	\N	\N		0.00	f	\N	\N		0.000
85	Baggage Tags	BaggageTags	94	Baggage Tags	350.00	0	t			t	f	2025-12-20 15:44:07.696131+05:30	2025-12-20 15:44:07.696149+05:30	17	\N	\N		0.00	f	\N	\N		0.000
86	Folded Hand Tags	FoldedHandTags	95	Folded Hand Tags	200.00	100	t			t	f	2025-12-20 15:46:56.086791+05:30	2025-12-20 15:46:56.086805+05:30	17	\N	\N		0.00	f	\N	\N		0.000
87	Shop all Tags	ShopallTags	96	Shop all Tags	100.00	0	t			t	f	2025-12-20 15:47:46.302304+05:30	2025-12-20 15:47:46.30232+05:30	17	\N	\N		0.00	f	\N	\N		0.000
88	Promotional Product Boxes	PromotionalProductBoxes	97	Promotional Product Boxes	150.00	100	t			t	f	2025-12-20 15:49:20.658027+05:30	2025-12-20 15:49:20.658044+05:30	18	\N	\N		0.00	f	\N	\N		0.000
89	Tuck Top Boxes	TuckTopBoxes	98	Tuck Top Boxes	250.00	100	t			t	f	2025-12-20 15:50:26.122843+05:30	2025-12-20 15:50:26.122861+05:30	18	\N	\N		0.00	f	\N	\N		0.000
90	Lock Bottom Boxes	LockBottomBoxes	99	Lock Bottom Boxes	200.00	100	t			t	f	2025-12-20 15:51:16.350698+05:30	2025-12-20 15:51:16.350713+05:30	18	\N	\N		0.00	f	\N	\N		0.000
91	Auto Lock Button Boxes	AutoLockButtonBoxes	100	Auto Lock Button Boxes	350.00	0	t			t	f	2025-12-20 15:53:32.642874+05:30	2025-12-20 15:53:32.642889+05:30	18	\N	\N		0.00	f	\N	\N		0.000
92	Chocolate Bar Boxes	ChocolateBarBoxes	101	Chocolate Bar Boxes	210.00	100	t			t	f	2025-12-20 15:54:32.912166+05:30	2025-12-20 15:54:32.912182+05:30	18	\N	\N		0.00	f	\N	\N		0.000
93	Soap Boxes	SoapBoxes	102	Soap Boxes	210.00	0	t			t	f	2025-12-20 15:57:30.598917+05:30	2025-12-20 15:57:30.598928+05:30	18	\N	\N		0.00	f	\N	\N		0.000
94	Pull out boxes	Pulloutboxes	103	Pull out boxes	500.00	0	t			t	f	2025-12-20 16:00:13.617352+05:30	2025-12-20 16:00:13.617368+05:30	18	\N	\N		0.00	f	\N	\N		0.000
95	Popcorn Boxes	PopcornBoxes	104	Popcorn Boxes	250.00	100	t			t	f	2025-12-20 16:01:44.581772+05:30	2025-12-20 16:01:44.581787+05:30	18	\N	\N		0.00	f	\N	\N		0.000
96	Sheet Stickers	SheetStickers	105	Sheet Stickers	99.00	0	t			t	f	2025-12-20 16:04:29.297764+05:30	2025-12-20 16:04:29.29778+05:30	19	\N	\N		0.00	f	\N	\N		0.000
97	Visiting Card Sticker	VisitingCardSticker	106	Visiting Card Sticker	100.00	0	t			t	f	2025-12-20 16:06:25.474848+05:30	2025-12-20 16:06:25.474866+05:30	19	\N	\N		0.00	f	\N	\N		0.000
98	Custom Car Sticker	CustomCarSticker	107	Custom Car Sticker	240.00	100	t			t	f	2025-12-20 16:07:58.171169+05:30	2025-12-20 16:07:58.171183+05:30	19	\N	\N		0.00	f	\N	\N		0.000
99	Custom Floor Sticker	CustomFloorSticker	108	Custom Floor Sticker	100.00	0	t			t	f	2025-12-20 16:11:48.076589+05:30	2025-12-20 16:11:48.076607+05:30	19	\N	\N		0.00	f	\N	\N		0.000
100	Sticker Singles	StickerSingles	109	Sticker Singles	99.00	100	t			t	f	2025-12-20 16:12:29.730635+05:30	2025-12-20 16:12:29.730644+05:30	19	\N	\N		0.00	f	\N	\N		0.000
101	Seal Stickers	SealStickers	110	Seal Stickers	800.00	0	t			t	f	2025-12-20 16:13:14.332094+05:30	2025-12-20 16:13:14.332109+05:30	19	\N	\N		0.00	f	\N	\N		0.000
102	Kraft Stickers	KraftStickers	111	Kraft Stickers	600.00	99	t			t	f	2025-12-20 16:13:56.468573+05:30	2025-12-20 16:13:56.468589+05:30	19	\N	\N		0.00	f	\N	\N		0.000
103	Windows Stickers	WindowsStickers	112	Windows Stickers	200.00	90	t			t	f	2025-12-20 16:14:36.444213+05:30	2025-12-20 16:14:36.444229+05:30	19	\N	\N		0.00	f	\N	\N		0.000
104	Dome Stickers	DomeStickers	113	Dome Stickers	100.00	99	t			t	f	2025-12-20 16:16:02.572289+05:30	2025-12-20 16:16:02.572305+05:30	19	\N	\N		0.00	f	\N	\N		0.000
105	Shop all custom stickers	Shopallcustomstickers	114	Shop all custom stickers	200.00	100	t			t	f	2025-12-20 16:17:09.584624+05:30	2025-12-20 16:17:09.584644+05:30	19	\N	\N		0.00	f	\N	\N		0.000
106	Embroidered Laptop bags	EmbroideredLaptopbags	115	Embroidered Laptop bags	900.00	100	t			t	f	2025-12-20 16:20:44.40607+05:30	2025-12-20 16:20:44.406085+05:30	20	\N	\N		0.00	f	\N	\N		0.000
107	Harisons Embroidered Laptops	HarisonsEmbroideredLaptops	116	Harisons Embroidered Laptops	900.00	0	t			t	f	2025-12-20 16:22:26.666656+05:30	2025-12-20 16:22:26.666671+05:30	20	\N	\N		0.00	f	\N	\N		0.000
108	American Tourister Laptop bags	AmericanTouristerLaptopbags	117	American Tourister Laptop bags	800.00	10	t			t	f	2025-12-20 16:23:25.647757+05:30	2025-12-20 16:23:25.647775+05:30	20	\N	\N		0.00	f	\N	\N		0.000
109	Harissons Nemesis Office	HarissonsNemesisOffice	118	Harissons Nemesis Office	800.00	100	t			t	f	2025-12-20 16:24:41.694707+05:30	2025-12-20 16:24:41.694723+05:30	20	\N	\N		0.00	f	\N	\N		0.000
110	American tourister Backpacks	AmericantouristerBackpacks	119	American tourister Backpacks	2000.00	100	t			t	f	2025-12-20 16:25:30.642212+05:30	2025-12-20 16:25:30.642228+05:30	20	\N	\N		0.00	f	\N	\N		0.000
111	Custom Targus Intellect Advanced Laptop Bags	CustomTargusIntellectAdvancedLaptopBags	120	Custom Targus Intellect Advanced Laptop Bags	1000.00	100	t			t	f	2025-12-20 16:27:43.067356+05:30	2025-12-20 16:27:43.067371+05:30	20	\N	\N		0.00	f	\N	\N		0.000
112	Adidas Duffle Bags	AdidasDuffleBags	121	Adidas Duffle Bags	100.00	800	t			t	f	2025-12-20 16:28:52.967434+05:30	2025-12-20 16:28:52.967459+05:30	20	\N	\N		0.00	f	\N	\N		0.000
113	Shop all Custom bags	ShopallCustombags	123	Shop all Custom bags	1000.00	0	t			t	f	2025-12-20 16:30:49.422415+05:30	2025-12-20 16:30:49.422431+05:30	20	\N	\N		0.00	f	\N	\N		0.000
114	Tote Bags	ToteBags	122	Tote Bags	1000.00	2000	t			t	f	2025-12-20 16:31:32.9818+05:30	2025-12-20 16:31:32.981826+05:30	21	\N	\N		0.00	f	\N	\N		0.000
115	Custom Jute Bags	CustomJuteBags	124	Custom Jute Bags	1000.00	100	t			t	f	2025-12-20 16:32:19.89905+05:30	2025-12-20 16:32:19.899065+05:30	21	\N	\N		0.00	f	\N	\N		0.000
116	Colored Canva Tote bags	ColoredCanvaTotebags	125	Colored Canva Tote bags	999.99	0	t			t	f	2025-12-20 16:32:58.144422+05:30	2025-12-20 16:32:58.14444+05:30	21	\N	\N		0.00	f	\N	\N		0.000
117	Pocket Tote Bags	PocketToteBags	127	Pocket Tote Bags	800.00	0	t			t	f	2025-12-20 16:33:40.054139+05:30	2025-12-20 16:33:40.054159+05:30	21	\N	\N		0.00	f	\N	\N		0.000
118	Sports Jersey	SportsJersey	126	Sports Jersey	1000.00	200	t			t	f	2025-12-20 16:34:23.661857+05:30	2025-12-20 16:34:23.661876+05:30	22	\N	\N		0.00	f	\N	\N		0.000
119	Custom Polo Jersey	CustomPoloJersey	128	Custom Polo Jersey	999.00	100	t			t	f	2025-12-20 16:35:02.538901+05:30	2025-12-20 16:35:02.538918+05:30	22	\N	\N		0.00	t	\N	\N		0.000
120	Custom Sport Shorts	CustomsportShorts	129	Custom Sport Shorts	990.00	100	t			t	f	2025-12-20 16:36:21.332494+05:30	2025-12-20 16:36:21.332513+05:30	22	\N	\N		0.00	f	\N	\N		0.000
121	Personalised Adidas Tracks	PersonalisedAdidasTracks	130	Personalised Adidas Tracks	999.00	100	t			t	f	2025-12-20 16:37:21.765477+05:30	2025-12-20 16:37:21.765504+05:30	22	\N	\N		0.00	f	\N	\N		0.000
123	Embroidered Caps	EmbroideredCaps	132	Embroidered Caps	1000.00	100	t			t	f	2025-12-20 16:39:13.473474+05:30	2025-12-20 16:39:13.47349+05:30	23	\N	\N		0.00	t	\N	\N		0.000
125	Cotton Caps	CottonCaps	134	Cotton Caps	999.00	100	t			t	f	2025-12-20 16:40:35.103465+05:30	2025-12-20 16:40:35.103482+05:30	23	\N	\N		0.00	t	\N	\N		0.000
126	Puma Caps	PumaCaps	135	Puma Caps	2000.00	100	t			t	f	2025-12-20 16:41:15.472575+05:30	2025-12-20 16:41:15.472592+05:30	23	\N	\N		0.00	t	\N	\N		0.000
127	Embroidered Denim Caps	EmbroideredDenimCaps	136	Embroidered Denim Caps	2000.00	10	t			t	f	2025-12-20 16:41:56.704423+05:30	2025-12-20 16:41:56.704439+05:30	23	\N	\N		0.00	f	\N	\N		0.000
129	Woodland Caps	WoodlandCaps	138	Woodland Caps	999.00	200	t			t	f	2025-12-20 16:43:37.260148+05:30	2025-12-20 16:43:37.260172+05:30	23	\N	\N		0.00	f	\N	\N		0.000
128	Promotional Plain Caps	PromotionalPlainCaps	137	Promotional Plain Caps	1000.00	100	t			t	f	2025-12-20 16:42:49.495988+05:30	2025-12-22 14:56:56.584121+05:30	23	\N	\N		0.00	t	\N	\N		0.000
124	Printed Caps	PrintedCaps	133	Printed Caps	1000.00	100	t			t	f	2025-12-20 16:39:43.276877+05:30	2025-12-22 14:57:10.007438+05:30	23	\N	\N		0.00	t	\N	\N		0.000
122	Personaolised U.S. Polo Track	PersonaolisedUSPoloTrack	131	Personaolised U.S. Polo Track	1000.00	100000	t			t	f	2025-12-20 16:38:23.058102+05:30	2025-12-22 14:57:28.862009+05:30	22	\N	\N		0.00	f	\N	\N		0.000
130	Custom water Bottel	1234asdf	12345fffff	Bestseller	100.00	1000	t			t	f	2025-12-23 10:59:37.360378+05:30	2025-12-23 10:59:37.360394+05:30	24	\N	\N		0.00	t	\N	\N		0.000
\.


--
-- Data for Name: catalog_productattribute; Type: TABLE DATA; Schema: public; Owner: postgres
--

COPY public.catalog_productattribute (id, name, display_name, attribute_type, is_required, display_order, product_id) FROM stdin;
\.


--
-- Data for Name: catalog_productimage; Type: TABLE DATA; Schema: public; Owner: postgres
--

COPY public.catalog_productimage (id, image, alt_text, display_order, is_primary, created_at, product_id) FROM stdin;
\.


--
-- Data for Name: catalog_productreview; Type: TABLE DATA; Schema: public; Owner: postgres
--

COPY public.catalog_productreview (id, rating, title, comment, is_verified_purchase, helpful_count, created_at, updated_at, product_id, user_id) FROM stdin;
\.


--
-- Data for Name: catalog_subcategory; Type: TABLE DATA; Schema: public; Owner: postgres
--

COPY public.catalog_subcategory (id, name, slug, description, image, is_active, display_order, created_at, updated_at, category_id) FROM stdin;
2	Visiting Cards	VisitingCards1	this is the visiting card		t	0	2025-12-20 12:26:39.889447+05:30	2025-12-20 12:26:39.889473+05:30	2
3	Digital Visiting Card	DigitalVisitingCard	Digital Visiting Card		t	0	2025-12-20 12:27:46.695875+05:30	2025-12-20 12:27:46.695891+05:30	2
4	Brilliant Finishes	BrilliantFinishes	Brilliant Finishes		t	0	2025-12-20 12:28:20.437668+05:30	2025-12-20 12:28:20.437692+05:30	2
5	Standard Papers	StandardPapers	Standard Papers		t	0	2025-12-20 12:28:49.781668+05:30	2025-12-20 12:28:49.781683+05:30	2
6	Custom Notebooks and Diaries	CustomNotebooksandDiaries	Custom Notebooks and Diaries		t	0	2025-12-20 12:52:33.193584+05:30	2025-12-20 12:52:46.566862+05:30	5
7	Custom Pens	CustomPens	Custom Pens		t	0	2025-12-20 12:53:09.507936+05:30	2025-12-20 12:53:09.507955+05:30	5
8	Wedding Stationery	WeddingStationery	Wedding Stationery		t	0	2025-12-20 12:53:33.368044+05:30	2025-12-20 12:53:33.368061+05:30	5
9	Files and Folders	FilesandFolders	Files and Folders		t	0	2025-12-20 12:54:10.242514+05:30	2025-12-20 12:54:10.242531+05:30	5
10	Signs and Posters	SignsandPosters	Signs and Posters		t	0	2025-12-20 14:24:59.004614+05:30	2025-12-20 14:24:59.004639+05:30	6
11	Marketing Materials	MarketingMaterials	Marketing Materials		t	0	2025-12-20 14:25:27.264826+05:30	2025-12-20 14:25:27.264841+05:30	6
12	More in Signs	MoreinSigns	More in Signs		t	0	2025-12-20 14:26:15.71579+05:30	2025-12-20 14:26:15.715801+05:30	6
13	More in Marketing	MoreinMarketing	More in Marketing		t	0	2025-12-20 14:26:47.505484+05:30	2025-12-20 14:26:47.505499+05:30	6
14	Table Coverings	TableCoverings	Table Coverings		t	0	2025-12-20 14:27:16.644889+05:30	2025-12-20 14:27:16.644906+05:30	6
16	Custom Labels	CustomLabels	Custom Labels		t	0	2025-12-20 15:31:58.131829+05:30	2025-12-20 15:31:58.131846+05:30	7
17	Tags	Tags	Tags		t	0	2025-12-20 15:32:17.244104+05:30	2025-12-20 15:32:17.244121+05:30	7
18	Packaging Boxes	PackagingBoxes	Packaging Boxes		t	0	2025-12-20 15:32:47.871405+05:30	2025-12-20 15:32:47.871423+05:30	7
19	Custom Stickers	CustomStickers	Custom Stickers		t	0	2025-12-20 15:33:20.427413+05:30	2025-12-20 15:33:20.42743+05:30	7
20	Custom Bags	CustomBags	Custom Bags		t	0	2025-12-20 16:18:16.956281+05:30	2025-12-20 16:18:16.956308+05:30	8
21	Tote Bags	ToteBags	Tote Bags		t	0	2025-12-20 16:18:46.010551+05:30	2025-12-20 16:18:46.010568+05:30	8
22	Custom Activewear	CustomActivewear	Custom Activewear		t	0	2025-12-20 16:19:27.815063+05:30	2025-12-20 16:19:27.815077+05:30	8
23	Custom Caps	CustomCaps	Custom Caps		t	0	2025-12-20 16:19:54.754079+05:30	2025-12-20 16:19:54.754096+05:30	8
24	Bestseller	123asdf	Bestseller		t	0	2025-12-23 10:57:51.948357+05:30	2025-12-23 10:57:51.948375+05:30	9
\.


--
-- Data for Name: designs_asset; Type: TABLE DATA; Schema: public; Owner: postgres
--

COPY public.designs_asset (id, file, type, original_filename, size_bytes, width, height, mime_type, resolution_dpi, uploaded_at, is_archived, user_id) FROM stdin;
\.


--
-- Data for Name: designs_font; Type: TABLE DATA; Schema: public; Owner: postgres
--

COPY public.designs_font (id, name, family, file, weight, style, is_active) FROM stdin;
\.


--
-- Data for Name: designs_saveddesign; Type: TABLE DATA; Schema: public; Owner: postgres
--

COPY public.designs_saveddesign (id, name, design_json, preview_image, thumbnail_high_res, version, is_template, tags, created_at, updated_at, product_id, user_id) FROM stdin;
\.


--
-- Data for Name: designs_template; Type: TABLE DATA; Schema: public; Owner: postgres
--

COPY public.designs_template (id, name, description, design_json, tags, preview_image, is_active, created_at, product_id, subcategory_id, locked, surface) FROM stdin;
1	Modern Professional	A clean and modern visiting card template.	\N	[]		t	2025-12-30 11:32:46.021556+05:30	1	\N	f	front
\.


--
-- Data for Name: designs_templateelement; Type: TABLE DATA; Schema: public; Owner: postgres
--

COPY public.designs_templateelement (id, type, default_text, default_image, x_percent, y_percent, max_width_percent, rotation, font_family, font_size, color, locked, display_order, template_id) FROM stdin;
1	text	YOUR NAME		50	40	80	0	Inter	24	#000000	f	1	1
2	text	Software Engineer		50	50	80	0	Inter	14	#666666	f	2	1
\.


--
-- Data for Name: django_admin_log; Type: TABLE DATA; Schema: public; Owner: postgres
--

COPY public.django_admin_log (id, action_time, object_id, object_repr, action_flag, change_message, content_type_id, user_id) FROM stdin;
\.


--
-- Data for Name: django_content_type; Type: TABLE DATA; Schema: public; Owner: postgres
--

COPY public.django_content_type (id, app_label, model) FROM stdin;
1	admin	logentry
2	auth	group
3	auth	permission
4	contenttypes	contenttype
5	sessions	session
6	users	address
7	users	role
8	users	user
9	catalog	attributevalue
10	catalog	category
11	catalog	printspecs
12	catalog	product
13	catalog	productattribute
14	catalog	productimage
15	catalog	productreview
16	catalog	subcategory
17	designs	asset
18	designs	font
19	designs	saveddesign
20	designs	template
21	orders	order
22	orders	orderitem
23	orders	printjob
24	orders	shipment
25	catalog	banner
26	designs	templateelement
27	zakeke	zakekeproduct
\.


--
-- Data for Name: django_migrations; Type: TABLE DATA; Schema: public; Owner: postgres
--

COPY public.django_migrations (id, app, name, applied) FROM stdin;
1	contenttypes	0001_initial	2025-12-20 10:45:00.215873+05:30
2	contenttypes	0002_remove_content_type_name	2025-12-20 10:45:00.222952+05:30
3	auth	0001_initial	2025-12-20 10:45:00.260833+05:30
4	auth	0002_alter_permission_name_max_length	2025-12-20 10:45:00.264635+05:30
5	auth	0003_alter_user_email_max_length	2025-12-20 10:45:00.268377+05:30
6	auth	0004_alter_user_username_opts	2025-12-20 10:45:00.273329+05:30
7	auth	0005_alter_user_last_login_null	2025-12-20 10:45:00.279091+05:30
8	auth	0006_require_contenttypes_0002	2025-12-20 10:45:00.280209+05:30
9	auth	0007_alter_validators_add_error_messages	2025-12-20 10:45:00.284153+05:30
10	auth	0008_alter_user_username_max_length	2025-12-20 10:45:00.287808+05:30
11	auth	0009_alter_user_last_name_max_length	2025-12-20 10:45:00.292666+05:30
12	auth	0010_alter_group_name_max_length	2025-12-20 10:45:00.298165+05:30
13	auth	0011_update_proxy_permissions	2025-12-20 10:45:00.302292+05:30
14	auth	0012_alter_user_first_name_max_length	2025-12-20 10:45:00.30595+05:30
15	users	0001_initial	2025-12-20 10:45:00.363495+05:30
16	admin	0001_initial	2025-12-20 10:45:00.381487+05:30
17	admin	0002_logentry_remove_auto_add	2025-12-20 10:45:00.388393+05:30
18	admin	0003_logentry_add_action_flag_choices	2025-12-20 10:45:00.39658+05:30
19	catalog	0001_initial	2025-12-20 10:45:00.463422+05:30
20	catalog	0002_product_discount_end_date_and_more	2025-12-20 10:45:00.526624+05:30
21	catalog	0003_alter_product_primary_image_alter_productimage_image	2025-12-20 10:45:00.540733+05:30
22	designs	0001_initial	2025-12-20 10:45:00.56204+05:30
23	designs	0002_initial	2025-12-20 10:45:00.633188+05:30
24	designs	0003_remove_template_category_template_subcategory	2025-12-20 10:45:00.689637+05:30
25	orders	0001_initial	2025-12-20 10:45:00.724087+05:30
26	orders	0002_initial	2025-12-20 10:45:00.929595+05:30
27	sessions	0001_initial	2025-12-20 10:45:00.938927+05:30
28	catalog	0004_banner	2025-12-22 07:43:21.623789+05:30
29	catalog	0005_printspecs_anchor_point_printspecs_shape_and_more	2025-12-30 11:31:04.402442+05:30
30	designs	0004_template_locked_template_print_spec_template_surface_and_more	2025-12-30 11:31:04.558306+05:30
31	zakeke	0001_initial	2025-12-30 14:32:03.382685+05:30
32	designs	0005_remove_template_print_spec	2025-12-31 11:29:14.018276+05:30
33	catalog	0006_remove_product_short_description_and_more	2025-12-31 11:29:14.063848+05:30
34	catalog	0005_remove_product_short_description	2025-12-31 12:59:03.613105+05:30
35	catalog	0006_product_short_description	2025-12-31 13:03:12.295356+05:30
36	catalog	0007_fake_remove_fields	2025-12-31 13:29:32.455527+05:30
37	catalog	0008_product_is_infinite_stock_product_meta_description_and_more	2025-12-31 13:32:09.286294+05:30
\.


--
-- Data for Name: django_session; Type: TABLE DATA; Schema: public; Owner: postgres
--

COPY public.django_session (session_key, session_data, expire_date) FROM stdin;
4diuf3ifq612jayoscsphjhusv958xcx	.eJxVjMsOwiAQRf-FtSEgb5fu-w1kYAapGkhKuzL-uzbpQrf3nHNfLMK21rgNWuKM7MIkO_1uCfKD2g7wDu3Wee5tXebEd4UfdPCpIz2vh_t3UGHUb12EN6EoC6gQSfrkAUNBFYxNxVmRPQV31sUGmZRxirI3ImtHCiQJrdn7A_UPN-4:1vaVqc:mEZmWIPXv6pv4HqM2zxpK9efurXfHIvycwNw5IUhkYE	2026-01-13 14:46:58.104313+05:30
\.


--
-- Data for Name: orders_order; Type: TABLE DATA; Schema: public; Owner: postgres
--

COPY public.orders_order (id, status, currency, subtotal, tax_total, shipping_total, discount_total, total_amount, payment_method, transaction_id, is_paid, paid_at, estimated_delivery_date, customer_notes, internal_notes, created_at, updated_at, billing_address_id, shipping_address_id, user_id) FROM stdin;
\.


--
-- Data for Name: orders_orderitem; Type: TABLE DATA; Schema: public; Owner: postgres
--

COPY public.orders_orderitem (id, quantity, unit_price, total_price, product_name_snapshot, sku_snapshot, frozen_canvas_state, print_file_url, render_status, design_id, order_id, product_id) FROM stdin;
\.


--
-- Data for Name: orders_printjob; Type: TABLE DATA; Schema: public; Owner: postgres
--

COPY public.orders_printjob (id, batch_id, status, printer_name, started_at, completed_at, error_log, created_at) FROM stdin;
\.


--
-- Data for Name: orders_printjob_items; Type: TABLE DATA; Schema: public; Owner: postgres
--

COPY public.orders_printjob_items (id, printjob_id, orderitem_id) FROM stdin;
\.


--
-- Data for Name: orders_shipment; Type: TABLE DATA; Schema: public; Owner: postgres
--

COPY public.orders_shipment (id, carrier, tracking_number, label_url, status, weight_kg, shipped_at, delivered_at, order_id) FROM stdin;
\.


--
-- Data for Name: users_address; Type: TABLE DATA; Schema: public; Owner: postgres
--

COPY public.users_address (id, company_name, recipient_name, phone_number, street, apartment_suite, city, state, zip_code, country, type, is_default, created_at, updated_at, user_id) FROM stdin;
\.


--
-- Data for Name: users_role; Type: TABLE DATA; Schema: public; Owner: postgres
--

COPY public.users_role (id, name, description, created_at, updated_at) FROM stdin;
\.


--
-- Data for Name: users_user; Type: TABLE DATA; Schema: public; Owner: postgres
--

COPY public.users_user (id, password, last_login, is_superuser, username, first_name, last_name, email, is_staff, is_active, date_joined, phone, avatar, company_name, tax_id, is_verified, marketing_opt_in, last_login_ip, created_at, updated_at, role_id) FROM stdin;
2	pbkdf2_sha256$1200000$3tBrcqcKOS8zsHVhhr8fiZ$SDxxwmXhPLUIBHpzavVHztq7dfItkEh8n+jM+SW4j54=	\N	f	user1	user	user	user1@example.com	f	t	2025-12-20 11:06:10.665445+05:30			user		f	f	\N	2025-12-20 11:06:11.729694+05:30	2025-12-20 11:06:24.851574+05:30	\N
1	pbkdf2_sha256$1200000$bwSdyOlmiiFNqtYPenPVNO$pdoSaH/XU8cNxouHjCr2WLhiF0CXofY48dGaQx+YCrg=	2025-12-30 14:46:58.09334+05:30	t	admin			admin@example.com	t	t	2025-12-20 10:45:30.642208+05:30					f	f	\N	2025-12-20 10:45:31.39986+05:30	2025-12-31 12:50:07.431227+05:30	\N
4	pbkdf2_sha256$1200000$cWHrjPRRiLlYuJHhAVLThc$zeYM6NDtitzMQGB5FPqxutRQbE+THpGhzML5TaJNeFM=	\N	f	check	check	check	check@example.com	f	t	2026-01-06 07:39:22.24084+05:30					f	f	\N	2026-01-06 07:39:23.258831+05:30	2026-01-06 07:39:23.258841+05:30	\N
\.


--
-- Data for Name: users_user_groups; Type: TABLE DATA; Schema: public; Owner: postgres
--

COPY public.users_user_groups (id, user_id, group_id) FROM stdin;
\.


--
-- Data for Name: users_user_user_permissions; Type: TABLE DATA; Schema: public; Owner: postgres
--

COPY public.users_user_user_permissions (id, user_id, permission_id) FROM stdin;
\.


--
-- Data for Name: zakeke_zakekeproduct; Type: TABLE DATA; Schema: public; Owner: postgres
--

COPY public.zakeke_zakekeproduct (id, zakeke_product_id, is_active, created_at, updated_at, product_id) FROM stdin;
1	f5505c56-6f21-49e9-ce48-fd614e4c9d8c	t	2025-12-30 14:34:54.769401+05:30	2025-12-30 18:07:18.396639+05:30	1
\.


--
-- Name: auth_group_id_seq; Type: SEQUENCE SET; Schema: public; Owner: postgres
--

SELECT pg_catalog.setval('public.auth_group_id_seq', 1, false);


--
-- Name: auth_group_permissions_id_seq; Type: SEQUENCE SET; Schema: public; Owner: postgres
--

SELECT pg_catalog.setval('public.auth_group_permissions_id_seq', 1, false);


--
-- Name: auth_permission_id_seq; Type: SEQUENCE SET; Schema: public; Owner: postgres
--

SELECT pg_catalog.setval('public.auth_permission_id_seq', 108, true);


--
-- Name: catalog_attributevalue_id_seq; Type: SEQUENCE SET; Schema: public; Owner: postgres
--

SELECT pg_catalog.setval('public.catalog_attributevalue_id_seq', 1, false);


--
-- Name: catalog_banner_id_seq; Type: SEQUENCE SET; Schema: public; Owner: postgres
--

SELECT pg_catalog.setval('public.catalog_banner_id_seq', 1, false);


--
-- Name: catalog_category_id_seq; Type: SEQUENCE SET; Schema: public; Owner: postgres
--

SELECT pg_catalog.setval('public.catalog_category_id_seq', 13, true);


--
-- Name: catalog_product_id_seq; Type: SEQUENCE SET; Schema: public; Owner: postgres
--

SELECT pg_catalog.setval('public.catalog_product_id_seq', 130, true);


--
-- Name: catalog_productattribute_id_seq; Type: SEQUENCE SET; Schema: public; Owner: postgres
--

SELECT pg_catalog.setval('public.catalog_productattribute_id_seq', 1, false);


--
-- Name: catalog_productimage_id_seq; Type: SEQUENCE SET; Schema: public; Owner: postgres
--

SELECT pg_catalog.setval('public.catalog_productimage_id_seq', 1, false);


--
-- Name: catalog_productreview_id_seq; Type: SEQUENCE SET; Schema: public; Owner: postgres
--

SELECT pg_catalog.setval('public.catalog_productreview_id_seq', 1, false);


--
-- Name: catalog_subcategory_id_seq; Type: SEQUENCE SET; Schema: public; Owner: postgres
--

SELECT pg_catalog.setval('public.catalog_subcategory_id_seq', 24, true);


--
-- Name: designs_asset_id_seq; Type: SEQUENCE SET; Schema: public; Owner: postgres
--

SELECT pg_catalog.setval('public.designs_asset_id_seq', 1, false);


--
-- Name: designs_font_id_seq; Type: SEQUENCE SET; Schema: public; Owner: postgres
--

SELECT pg_catalog.setval('public.designs_font_id_seq', 1, false);


--
-- Name: designs_saveddesign_id_seq; Type: SEQUENCE SET; Schema: public; Owner: postgres
--

SELECT pg_catalog.setval('public.designs_saveddesign_id_seq', 1, false);


--
-- Name: designs_template_id_seq; Type: SEQUENCE SET; Schema: public; Owner: postgres
--

SELECT pg_catalog.setval('public.designs_template_id_seq', 1, true);


--
-- Name: designs_templateelement_id_seq; Type: SEQUENCE SET; Schema: public; Owner: postgres
--

SELECT pg_catalog.setval('public.designs_templateelement_id_seq', 2, true);


--
-- Name: django_admin_log_id_seq; Type: SEQUENCE SET; Schema: public; Owner: postgres
--

SELECT pg_catalog.setval('public.django_admin_log_id_seq', 1, false);


--
-- Name: django_content_type_id_seq; Type: SEQUENCE SET; Schema: public; Owner: postgres
--

SELECT pg_catalog.setval('public.django_content_type_id_seq', 27, true);


--
-- Name: django_migrations_id_seq; Type: SEQUENCE SET; Schema: public; Owner: postgres
--

SELECT pg_catalog.setval('public.django_migrations_id_seq', 37, true);


--
-- Name: orders_order_id_seq; Type: SEQUENCE SET; Schema: public; Owner: postgres
--

SELECT pg_catalog.setval('public.orders_order_id_seq', 1, false);


--
-- Name: orders_orderitem_id_seq; Type: SEQUENCE SET; Schema: public; Owner: postgres
--

SELECT pg_catalog.setval('public.orders_orderitem_id_seq', 1, false);


--
-- Name: orders_printjob_id_seq; Type: SEQUENCE SET; Schema: public; Owner: postgres
--

SELECT pg_catalog.setval('public.orders_printjob_id_seq', 1, false);


--
-- Name: orders_printjob_items_id_seq; Type: SEQUENCE SET; Schema: public; Owner: postgres
--

SELECT pg_catalog.setval('public.orders_printjob_items_id_seq', 1, false);


--
-- Name: orders_shipment_id_seq; Type: SEQUENCE SET; Schema: public; Owner: postgres
--

SELECT pg_catalog.setval('public.orders_shipment_id_seq', 1, false);


--
-- Name: users_address_id_seq; Type: SEQUENCE SET; Schema: public; Owner: postgres
--

SELECT pg_catalog.setval('public.users_address_id_seq', 1, false);


--
-- Name: users_role_id_seq; Type: SEQUENCE SET; Schema: public; Owner: postgres
--

SELECT pg_catalog.setval('public.users_role_id_seq', 1, false);


--
-- Name: users_user_groups_id_seq; Type: SEQUENCE SET; Schema: public; Owner: postgres
--

SELECT pg_catalog.setval('public.users_user_groups_id_seq', 1, false);


--
-- Name: users_user_id_seq; Type: SEQUENCE SET; Schema: public; Owner: postgres
--

SELECT pg_catalog.setval('public.users_user_id_seq', 4, true);


--
-- Name: users_user_user_permissions_id_seq; Type: SEQUENCE SET; Schema: public; Owner: postgres
--

SELECT pg_catalog.setval('public.users_user_user_permissions_id_seq', 1, false);


--
-- Name: zakeke_zakekeproduct_id_seq; Type: SEQUENCE SET; Schema: public; Owner: postgres
--

SELECT pg_catalog.setval('public.zakeke_zakekeproduct_id_seq', 1, true);


--
-- Name: auth_group auth_group_name_key; Type: CONSTRAINT; Schema: public; Owner: postgres
--

ALTER TABLE ONLY public.auth_group
    ADD CONSTRAINT auth_group_name_key UNIQUE (name);


--
-- Name: auth_group_permissions auth_group_permissions_group_id_permission_id_0cd325b0_uniq; Type: CONSTRAINT; Schema: public; Owner: postgres
--

ALTER TABLE ONLY public.auth_group_permissions
    ADD CONSTRAINT auth_group_permissions_group_id_permission_id_0cd325b0_uniq UNIQUE (group_id, permission_id);


--
-- Name: auth_group_permissions auth_group_permissions_pkey; Type: CONSTRAINT; Schema: public; Owner: postgres
--

ALTER TABLE ONLY public.auth_group_permissions
    ADD CONSTRAINT auth_group_permissions_pkey PRIMARY KEY (id);


--
-- Name: auth_group auth_group_pkey; Type: CONSTRAINT; Schema: public; Owner: postgres
--

ALTER TABLE ONLY public.auth_group
    ADD CONSTRAINT auth_group_pkey PRIMARY KEY (id);


--
-- Name: auth_permission auth_permission_content_type_id_codename_01ab375a_uniq; Type: CONSTRAINT; Schema: public; Owner: postgres
--

ALTER TABLE ONLY public.auth_permission
    ADD CONSTRAINT auth_permission_content_type_id_codename_01ab375a_uniq UNIQUE (content_type_id, codename);


--
-- Name: auth_permission auth_permission_pkey; Type: CONSTRAINT; Schema: public; Owner: postgres
--

ALTER TABLE ONLY public.auth_permission
    ADD CONSTRAINT auth_permission_pkey PRIMARY KEY (id);


--
-- Name: catalog_attributevalue catalog_attributevalue_pkey; Type: CONSTRAINT; Schema: public; Owner: postgres
--

ALTER TABLE ONLY public.catalog_attributevalue
    ADD CONSTRAINT catalog_attributevalue_pkey PRIMARY KEY (id);


--
-- Name: catalog_banner catalog_banner_pkey; Type: CONSTRAINT; Schema: public; Owner: postgres
--

ALTER TABLE ONLY public.catalog_banner
    ADD CONSTRAINT catalog_banner_pkey PRIMARY KEY (id);


--
-- Name: catalog_category catalog_category_pkey; Type: CONSTRAINT; Schema: public; Owner: postgres
--

ALTER TABLE ONLY public.catalog_category
    ADD CONSTRAINT catalog_category_pkey PRIMARY KEY (id);


--
-- Name: catalog_category catalog_category_slug_key; Type: CONSTRAINT; Schema: public; Owner: postgres
--

ALTER TABLE ONLY public.catalog_category
    ADD CONSTRAINT catalog_category_slug_key UNIQUE (slug);


--
-- Name: catalog_product catalog_product_pkey; Type: CONSTRAINT; Schema: public; Owner: postgres
--

ALTER TABLE ONLY public.catalog_product
    ADD CONSTRAINT catalog_product_pkey PRIMARY KEY (id);


--
-- Name: catalog_product catalog_product_sku_key; Type: CONSTRAINT; Schema: public; Owner: postgres
--

ALTER TABLE ONLY public.catalog_product
    ADD CONSTRAINT catalog_product_sku_key UNIQUE (sku);


--
-- Name: catalog_product catalog_product_slug_key; Type: CONSTRAINT; Schema: public; Owner: postgres
--

ALTER TABLE ONLY public.catalog_product
    ADD CONSTRAINT catalog_product_slug_key UNIQUE (slug);


--
-- Name: catalog_productattribute catalog_productattribute_pkey; Type: CONSTRAINT; Schema: public; Owner: postgres
--

ALTER TABLE ONLY public.catalog_productattribute
    ADD CONSTRAINT catalog_productattribute_pkey PRIMARY KEY (id);


--
-- Name: catalog_productimage catalog_productimage_pkey; Type: CONSTRAINT; Schema: public; Owner: postgres
--

ALTER TABLE ONLY public.catalog_productimage
    ADD CONSTRAINT catalog_productimage_pkey PRIMARY KEY (id);


--
-- Name: catalog_productreview catalog_productreview_pkey; Type: CONSTRAINT; Schema: public; Owner: postgres
--

ALTER TABLE ONLY public.catalog_productreview
    ADD CONSTRAINT catalog_productreview_pkey PRIMARY KEY (id);


--
-- Name: catalog_productreview catalog_productreview_product_id_user_id_4c0fbc41_uniq; Type: CONSTRAINT; Schema: public; Owner: postgres
--

ALTER TABLE ONLY public.catalog_productreview
    ADD CONSTRAINT catalog_productreview_product_id_user_id_4c0fbc41_uniq UNIQUE (product_id, user_id);


--
-- Name: catalog_subcategory catalog_subcategory_pkey; Type: CONSTRAINT; Schema: public; Owner: postgres
--

ALTER TABLE ONLY public.catalog_subcategory
    ADD CONSTRAINT catalog_subcategory_pkey PRIMARY KEY (id);


--
-- Name: catalog_subcategory catalog_subcategory_slug_key; Type: CONSTRAINT; Schema: public; Owner: postgres
--

ALTER TABLE ONLY public.catalog_subcategory
    ADD CONSTRAINT catalog_subcategory_slug_key UNIQUE (slug);


--
-- Name: designs_asset designs_asset_pkey; Type: CONSTRAINT; Schema: public; Owner: postgres
--

ALTER TABLE ONLY public.designs_asset
    ADD CONSTRAINT designs_asset_pkey PRIMARY KEY (id);


--
-- Name: designs_font designs_font_pkey; Type: CONSTRAINT; Schema: public; Owner: postgres
--

ALTER TABLE ONLY public.designs_font
    ADD CONSTRAINT designs_font_pkey PRIMARY KEY (id);


--
-- Name: designs_saveddesign designs_saveddesign_pkey; Type: CONSTRAINT; Schema: public; Owner: postgres
--

ALTER TABLE ONLY public.designs_saveddesign
    ADD CONSTRAINT designs_saveddesign_pkey PRIMARY KEY (id);


--
-- Name: designs_template designs_template_pkey; Type: CONSTRAINT; Schema: public; Owner: postgres
--

ALTER TABLE ONLY public.designs_template
    ADD CONSTRAINT designs_template_pkey PRIMARY KEY (id);


--
-- Name: designs_templateelement designs_templateelement_pkey; Type: CONSTRAINT; Schema: public; Owner: postgres
--

ALTER TABLE ONLY public.designs_templateelement
    ADD CONSTRAINT designs_templateelement_pkey PRIMARY KEY (id);


--
-- Name: django_admin_log django_admin_log_pkey; Type: CONSTRAINT; Schema: public; Owner: postgres
--

ALTER TABLE ONLY public.django_admin_log
    ADD CONSTRAINT django_admin_log_pkey PRIMARY KEY (id);


--
-- Name: django_content_type django_content_type_app_label_model_76bd3d3b_uniq; Type: CONSTRAINT; Schema: public; Owner: postgres
--

ALTER TABLE ONLY public.django_content_type
    ADD CONSTRAINT django_content_type_app_label_model_76bd3d3b_uniq UNIQUE (app_label, model);


--
-- Name: django_content_type django_content_type_pkey; Type: CONSTRAINT; Schema: public; Owner: postgres
--

ALTER TABLE ONLY public.django_content_type
    ADD CONSTRAINT django_content_type_pkey PRIMARY KEY (id);


--
-- Name: django_migrations django_migrations_pkey; Type: CONSTRAINT; Schema: public; Owner: postgres
--

ALTER TABLE ONLY public.django_migrations
    ADD CONSTRAINT django_migrations_pkey PRIMARY KEY (id);


--
-- Name: django_session django_session_pkey; Type: CONSTRAINT; Schema: public; Owner: postgres
--

ALTER TABLE ONLY public.django_session
    ADD CONSTRAINT django_session_pkey PRIMARY KEY (session_key);


--
-- Name: orders_order orders_order_pkey; Type: CONSTRAINT; Schema: public; Owner: postgres
--

ALTER TABLE ONLY public.orders_order
    ADD CONSTRAINT orders_order_pkey PRIMARY KEY (id);


--
-- Name: orders_orderitem orders_orderitem_pkey; Type: CONSTRAINT; Schema: public; Owner: postgres
--

ALTER TABLE ONLY public.orders_orderitem
    ADD CONSTRAINT orders_orderitem_pkey PRIMARY KEY (id);


--
-- Name: orders_printjob orders_printjob_batch_id_key; Type: CONSTRAINT; Schema: public; Owner: postgres
--

ALTER TABLE ONLY public.orders_printjob
    ADD CONSTRAINT orders_printjob_batch_id_key UNIQUE (batch_id);


--
-- Name: orders_printjob_items orders_printjob_items_pkey; Type: CONSTRAINT; Schema: public; Owner: postgres
--

ALTER TABLE ONLY public.orders_printjob_items
    ADD CONSTRAINT orders_printjob_items_pkey PRIMARY KEY (id);


--
-- Name: orders_printjob_items orders_printjob_items_printjob_id_orderitem_id_444db27b_uniq; Type: CONSTRAINT; Schema: public; Owner: postgres
--

ALTER TABLE ONLY public.orders_printjob_items
    ADD CONSTRAINT orders_printjob_items_printjob_id_orderitem_id_444db27b_uniq UNIQUE (printjob_id, orderitem_id);


--
-- Name: orders_printjob orders_printjob_pkey; Type: CONSTRAINT; Schema: public; Owner: postgres
--

ALTER TABLE ONLY public.orders_printjob
    ADD CONSTRAINT orders_printjob_pkey PRIMARY KEY (id);


--
-- Name: orders_shipment orders_shipment_order_id_key; Type: CONSTRAINT; Schema: public; Owner: postgres
--

ALTER TABLE ONLY public.orders_shipment
    ADD CONSTRAINT orders_shipment_order_id_key UNIQUE (order_id);


--
-- Name: orders_shipment orders_shipment_pkey; Type: CONSTRAINT; Schema: public; Owner: postgres
--

ALTER TABLE ONLY public.orders_shipment
    ADD CONSTRAINT orders_shipment_pkey PRIMARY KEY (id);


--
-- Name: users_address users_address_pkey; Type: CONSTRAINT; Schema: public; Owner: postgres
--

ALTER TABLE ONLY public.users_address
    ADD CONSTRAINT users_address_pkey PRIMARY KEY (id);


--
-- Name: users_role users_role_name_key; Type: CONSTRAINT; Schema: public; Owner: postgres
--

ALTER TABLE ONLY public.users_role
    ADD CONSTRAINT users_role_name_key UNIQUE (name);


--
-- Name: users_role users_role_pkey; Type: CONSTRAINT; Schema: public; Owner: postgres
--

ALTER TABLE ONLY public.users_role
    ADD CONSTRAINT users_role_pkey PRIMARY KEY (id);


--
-- Name: users_user_groups users_user_groups_pkey; Type: CONSTRAINT; Schema: public; Owner: postgres
--

ALTER TABLE ONLY public.users_user_groups
    ADD CONSTRAINT users_user_groups_pkey PRIMARY KEY (id);


--
-- Name: users_user_groups users_user_groups_user_id_group_id_b88eab82_uniq; Type: CONSTRAINT; Schema: public; Owner: postgres
--

ALTER TABLE ONLY public.users_user_groups
    ADD CONSTRAINT users_user_groups_user_id_group_id_b88eab82_uniq UNIQUE (user_id, group_id);


--
-- Name: users_user users_user_pkey; Type: CONSTRAINT; Schema: public; Owner: postgres
--

ALTER TABLE ONLY public.users_user
    ADD CONSTRAINT users_user_pkey PRIMARY KEY (id);


--
-- Name: users_user_user_permissions users_user_user_permissions_pkey; Type: CONSTRAINT; Schema: public; Owner: postgres
--

ALTER TABLE ONLY public.users_user_user_permissions
    ADD CONSTRAINT users_user_user_permissions_pkey PRIMARY KEY (id);


--
-- Name: users_user_user_permissions users_user_user_permissions_user_id_permission_id_43338c45_uniq; Type: CONSTRAINT; Schema: public; Owner: postgres
--

ALTER TABLE ONLY public.users_user_user_permissions
    ADD CONSTRAINT users_user_user_permissions_user_id_permission_id_43338c45_uniq UNIQUE (user_id, permission_id);


--
-- Name: users_user users_user_username_key; Type: CONSTRAINT; Schema: public; Owner: postgres
--

ALTER TABLE ONLY public.users_user
    ADD CONSTRAINT users_user_username_key UNIQUE (username);


--
-- Name: zakeke_zakekeproduct zakeke_zakekeproduct_pkey; Type: CONSTRAINT; Schema: public; Owner: postgres
--

ALTER TABLE ONLY public.zakeke_zakekeproduct
    ADD CONSTRAINT zakeke_zakekeproduct_pkey PRIMARY KEY (id);


--
-- Name: zakeke_zakekeproduct zakeke_zakekeproduct_product_id_key; Type: CONSTRAINT; Schema: public; Owner: postgres
--

ALTER TABLE ONLY public.zakeke_zakekeproduct
    ADD CONSTRAINT zakeke_zakekeproduct_product_id_key UNIQUE (product_id);


--
-- Name: auth_group_name_a6ea08ec_like; Type: INDEX; Schema: public; Owner: postgres
--

CREATE INDEX auth_group_name_a6ea08ec_like ON public.auth_group USING btree (name varchar_pattern_ops);


--
-- Name: auth_group_permissions_group_id_b120cbf9; Type: INDEX; Schema: public; Owner: postgres
--

CREATE INDEX auth_group_permissions_group_id_b120cbf9 ON public.auth_group_permissions USING btree (group_id);


--
-- Name: auth_group_permissions_permission_id_84c5c92e; Type: INDEX; Schema: public; Owner: postgres
--

CREATE INDEX auth_group_permissions_permission_id_84c5c92e ON public.auth_group_permissions USING btree (permission_id);


--
-- Name: auth_permission_content_type_id_2f476e4b; Type: INDEX; Schema: public; Owner: postgres
--

CREATE INDEX auth_permission_content_type_id_2f476e4b ON public.auth_permission USING btree (content_type_id);


--
-- Name: catalog_attributevalue_attribute_id_cb89e56d; Type: INDEX; Schema: public; Owner: postgres
--

CREATE INDEX catalog_attributevalue_attribute_id_cb89e56d ON public.catalog_attributevalue USING btree (attribute_id);


--
-- Name: catalog_category_slug_dbf63ad0_like; Type: INDEX; Schema: public; Owner: postgres
--

CREATE INDEX catalog_category_slug_dbf63ad0_like ON public.catalog_category USING btree (slug varchar_pattern_ops);


--
-- Name: catalog_product_sku_5c54c070_like; Type: INDEX; Schema: public; Owner: postgres
--

CREATE INDEX catalog_product_sku_5c54c070_like ON public.catalog_product USING btree (sku varchar_pattern_ops);


--
-- Name: catalog_product_slug_f37848b0_like; Type: INDEX; Schema: public; Owner: postgres
--

CREATE INDEX catalog_product_slug_f37848b0_like ON public.catalog_product USING btree (slug varchar_pattern_ops);


--
-- Name: catalog_product_subcategory_id_b1a50afa; Type: INDEX; Schema: public; Owner: postgres
--

CREATE INDEX catalog_product_subcategory_id_b1a50afa ON public.catalog_product USING btree (subcategory_id);


--
-- Name: catalog_productattribute_product_id_7ea24d8b; Type: INDEX; Schema: public; Owner: postgres
--

CREATE INDEX catalog_productattribute_product_id_7ea24d8b ON public.catalog_productattribute USING btree (product_id);


--
-- Name: catalog_productimage_product_id_1f42dd8c; Type: INDEX; Schema: public; Owner: postgres
--

CREATE INDEX catalog_productimage_product_id_1f42dd8c ON public.catalog_productimage USING btree (product_id);


--
-- Name: catalog_productreview_product_id_9407c0e9; Type: INDEX; Schema: public; Owner: postgres
--

CREATE INDEX catalog_productreview_product_id_9407c0e9 ON public.catalog_productreview USING btree (product_id);


--
-- Name: catalog_productreview_user_id_b8f95029; Type: INDEX; Schema: public; Owner: postgres
--

CREATE INDEX catalog_productreview_user_id_b8f95029 ON public.catalog_productreview USING btree (user_id);


--
-- Name: catalog_subcategory_category_id_8cca2669; Type: INDEX; Schema: public; Owner: postgres
--

CREATE INDEX catalog_subcategory_category_id_8cca2669 ON public.catalog_subcategory USING btree (category_id);


--
-- Name: catalog_subcategory_slug_e5ed539d_like; Type: INDEX; Schema: public; Owner: postgres
--

CREATE INDEX catalog_subcategory_slug_e5ed539d_like ON public.catalog_subcategory USING btree (slug varchar_pattern_ops);


--
-- Name: designs_asset_user_id_45df32df; Type: INDEX; Schema: public; Owner: postgres
--

CREATE INDEX designs_asset_user_id_45df32df ON public.designs_asset USING btree (user_id);


--
-- Name: designs_saveddesign_product_id_a827f32e; Type: INDEX; Schema: public; Owner: postgres
--

CREATE INDEX designs_saveddesign_product_id_a827f32e ON public.designs_saveddesign USING btree (product_id);


--
-- Name: designs_saveddesign_user_id_af427ff5; Type: INDEX; Schema: public; Owner: postgres
--

CREATE INDEX designs_saveddesign_user_id_af427ff5 ON public.designs_saveddesign USING btree (user_id);


--
-- Name: designs_template_product_id_0206f7ba; Type: INDEX; Schema: public; Owner: postgres
--

CREATE INDEX designs_template_product_id_0206f7ba ON public.designs_template USING btree (product_id);


--
-- Name: designs_template_subcategory_id_2ee4f681; Type: INDEX; Schema: public; Owner: postgres
--

CREATE INDEX designs_template_subcategory_id_2ee4f681 ON public.designs_template USING btree (subcategory_id);


--
-- Name: designs_templateelement_template_id_6ad991bf; Type: INDEX; Schema: public; Owner: postgres
--

CREATE INDEX designs_templateelement_template_id_6ad991bf ON public.designs_templateelement USING btree (template_id);


--
-- Name: django_admin_log_content_type_id_c4bce8eb; Type: INDEX; Schema: public; Owner: postgres
--

CREATE INDEX django_admin_log_content_type_id_c4bce8eb ON public.django_admin_log USING btree (content_type_id);


--
-- Name: django_admin_log_user_id_c564eba6; Type: INDEX; Schema: public; Owner: postgres
--

CREATE INDEX django_admin_log_user_id_c564eba6 ON public.django_admin_log USING btree (user_id);


--
-- Name: django_session_expire_date_a5c62663; Type: INDEX; Schema: public; Owner: postgres
--

CREATE INDEX django_session_expire_date_a5c62663 ON public.django_session USING btree (expire_date);


--
-- Name: django_session_session_key_c0390e0f_like; Type: INDEX; Schema: public; Owner: postgres
--

CREATE INDEX django_session_session_key_c0390e0f_like ON public.django_session USING btree (session_key varchar_pattern_ops);


--
-- Name: orders_order_billing_address_id_deb02e83; Type: INDEX; Schema: public; Owner: postgres
--

CREATE INDEX orders_order_billing_address_id_deb02e83 ON public.orders_order USING btree (billing_address_id);


--
-- Name: orders_order_shipping_address_id_c4f8227a; Type: INDEX; Schema: public; Owner: postgres
--

CREATE INDEX orders_order_shipping_address_id_c4f8227a ON public.orders_order USING btree (shipping_address_id);


--
-- Name: orders_order_user_id_e9b59eb1; Type: INDEX; Schema: public; Owner: postgres
--

CREATE INDEX orders_order_user_id_e9b59eb1 ON public.orders_order USING btree (user_id);


--
-- Name: orders_orderitem_design_id_88d4735f; Type: INDEX; Schema: public; Owner: postgres
--

CREATE INDEX orders_orderitem_design_id_88d4735f ON public.orders_orderitem USING btree (design_id);


--
-- Name: orders_orderitem_order_id_fe61a34d; Type: INDEX; Schema: public; Owner: postgres
--

CREATE INDEX orders_orderitem_order_id_fe61a34d ON public.orders_orderitem USING btree (order_id);


--
-- Name: orders_orderitem_product_id_afe4254a; Type: INDEX; Schema: public; Owner: postgres
--

CREATE INDEX orders_orderitem_product_id_afe4254a ON public.orders_orderitem USING btree (product_id);


--
-- Name: orders_printjob_batch_id_8f462619_like; Type: INDEX; Schema: public; Owner: postgres
--

CREATE INDEX orders_printjob_batch_id_8f462619_like ON public.orders_printjob USING btree (batch_id varchar_pattern_ops);


--
-- Name: orders_printjob_items_orderitem_id_6a28b55c; Type: INDEX; Schema: public; Owner: postgres
--

CREATE INDEX orders_printjob_items_orderitem_id_6a28b55c ON public.orders_printjob_items USING btree (orderitem_id);


--
-- Name: orders_printjob_items_printjob_id_e2538cd9; Type: INDEX; Schema: public; Owner: postgres
--

CREATE INDEX orders_printjob_items_printjob_id_e2538cd9 ON public.orders_printjob_items USING btree (printjob_id);


--
-- Name: unique_default_address_per_type; Type: INDEX; Schema: public; Owner: postgres
--

CREATE UNIQUE INDEX unique_default_address_per_type ON public.users_address USING btree (user_id, type) WHERE is_default;


--
-- Name: users_address_user_id_4c106ba4; Type: INDEX; Schema: public; Owner: postgres
--

CREATE INDEX users_address_user_id_4c106ba4 ON public.users_address USING btree (user_id);


--
-- Name: users_role_name_86bbd537_like; Type: INDEX; Schema: public; Owner: postgres
--

CREATE INDEX users_role_name_86bbd537_like ON public.users_role USING btree (name varchar_pattern_ops);


--
-- Name: users_user_groups_group_id_9afc8d0e; Type: INDEX; Schema: public; Owner: postgres
--

CREATE INDEX users_user_groups_group_id_9afc8d0e ON public.users_user_groups USING btree (group_id);


--
-- Name: users_user_groups_user_id_5f6f5a90; Type: INDEX; Schema: public; Owner: postgres
--

CREATE INDEX users_user_groups_user_id_5f6f5a90 ON public.users_user_groups USING btree (user_id);


--
-- Name: users_user_role_id_854f2687; Type: INDEX; Schema: public; Owner: postgres
--

CREATE INDEX users_user_role_id_854f2687 ON public.users_user USING btree (role_id);


--
-- Name: users_user_user_permissions_permission_id_0b93982e; Type: INDEX; Schema: public; Owner: postgres
--

CREATE INDEX users_user_user_permissions_permission_id_0b93982e ON public.users_user_user_permissions USING btree (permission_id);


--
-- Name: users_user_user_permissions_user_id_20aca447; Type: INDEX; Schema: public; Owner: postgres
--

CREATE INDEX users_user_user_permissions_user_id_20aca447 ON public.users_user_user_permissions USING btree (user_id);


--
-- Name: users_user_username_06e46fe6_like; Type: INDEX; Schema: public; Owner: postgres
--

CREATE INDEX users_user_username_06e46fe6_like ON public.users_user USING btree (username varchar_pattern_ops);


--
-- Name: auth_group_permissions auth_group_permissio_permission_id_84c5c92e_fk_auth_perm; Type: FK CONSTRAINT; Schema: public; Owner: postgres
--

ALTER TABLE ONLY public.auth_group_permissions
    ADD CONSTRAINT auth_group_permissio_permission_id_84c5c92e_fk_auth_perm FOREIGN KEY (permission_id) REFERENCES public.auth_permission(id) DEFERRABLE INITIALLY DEFERRED;


--
-- Name: auth_group_permissions auth_group_permissions_group_id_b120cbf9_fk_auth_group_id; Type: FK CONSTRAINT; Schema: public; Owner: postgres
--

ALTER TABLE ONLY public.auth_group_permissions
    ADD CONSTRAINT auth_group_permissions_group_id_b120cbf9_fk_auth_group_id FOREIGN KEY (group_id) REFERENCES public.auth_group(id) DEFERRABLE INITIALLY DEFERRED;


--
-- Name: auth_permission auth_permission_content_type_id_2f476e4b_fk_django_co; Type: FK CONSTRAINT; Schema: public; Owner: postgres
--

ALTER TABLE ONLY public.auth_permission
    ADD CONSTRAINT auth_permission_content_type_id_2f476e4b_fk_django_co FOREIGN KEY (content_type_id) REFERENCES public.django_content_type(id) DEFERRABLE INITIALLY DEFERRED;


--
-- Name: catalog_attributevalue catalog_attributeval_attribute_id_cb89e56d_fk_catalog_p; Type: FK CONSTRAINT; Schema: public; Owner: postgres
--

ALTER TABLE ONLY public.catalog_attributevalue
    ADD CONSTRAINT catalog_attributeval_attribute_id_cb89e56d_fk_catalog_p FOREIGN KEY (attribute_id) REFERENCES public.catalog_productattribute(id) DEFERRABLE INITIALLY DEFERRED;


--
-- Name: catalog_product catalog_product_subcategory_id_b1a50afa_fk_catalog_s; Type: FK CONSTRAINT; Schema: public; Owner: postgres
--

ALTER TABLE ONLY public.catalog_product
    ADD CONSTRAINT catalog_product_subcategory_id_b1a50afa_fk_catalog_s FOREIGN KEY (subcategory_id) REFERENCES public.catalog_subcategory(id) DEFERRABLE INITIALLY DEFERRED;


--
-- Name: catalog_productattribute catalog_productattri_product_id_7ea24d8b_fk_catalog_p; Type: FK CONSTRAINT; Schema: public; Owner: postgres
--

ALTER TABLE ONLY public.catalog_productattribute
    ADD CONSTRAINT catalog_productattri_product_id_7ea24d8b_fk_catalog_p FOREIGN KEY (product_id) REFERENCES public.catalog_product(id) DEFERRABLE INITIALLY DEFERRED;


--
-- Name: catalog_productimage catalog_productimage_product_id_1f42dd8c_fk_catalog_product_id; Type: FK CONSTRAINT; Schema: public; Owner: postgres
--

ALTER TABLE ONLY public.catalog_productimage
    ADD CONSTRAINT catalog_productimage_product_id_1f42dd8c_fk_catalog_product_id FOREIGN KEY (product_id) REFERENCES public.catalog_product(id) DEFERRABLE INITIALLY DEFERRED;


--
-- Name: catalog_productreview catalog_productreview_product_id_9407c0e9_fk_catalog_product_id; Type: FK CONSTRAINT; Schema: public; Owner: postgres
--

ALTER TABLE ONLY public.catalog_productreview
    ADD CONSTRAINT catalog_productreview_product_id_9407c0e9_fk_catalog_product_id FOREIGN KEY (product_id) REFERENCES public.catalog_product(id) DEFERRABLE INITIALLY DEFERRED;


--
-- Name: catalog_productreview catalog_productreview_user_id_b8f95029_fk_users_user_id; Type: FK CONSTRAINT; Schema: public; Owner: postgres
--

ALTER TABLE ONLY public.catalog_productreview
    ADD CONSTRAINT catalog_productreview_user_id_b8f95029_fk_users_user_id FOREIGN KEY (user_id) REFERENCES public.users_user(id) DEFERRABLE INITIALLY DEFERRED;


--
-- Name: catalog_subcategory catalog_subcategory_category_id_8cca2669_fk_catalog_category_id; Type: FK CONSTRAINT; Schema: public; Owner: postgres
--

ALTER TABLE ONLY public.catalog_subcategory
    ADD CONSTRAINT catalog_subcategory_category_id_8cca2669_fk_catalog_category_id FOREIGN KEY (category_id) REFERENCES public.catalog_category(id) DEFERRABLE INITIALLY DEFERRED;


--
-- Name: designs_asset designs_asset_user_id_45df32df_fk_users_user_id; Type: FK CONSTRAINT; Schema: public; Owner: postgres
--

ALTER TABLE ONLY public.designs_asset
    ADD CONSTRAINT designs_asset_user_id_45df32df_fk_users_user_id FOREIGN KEY (user_id) REFERENCES public.users_user(id) DEFERRABLE INITIALLY DEFERRED;


--
-- Name: designs_saveddesign designs_saveddesign_product_id_a827f32e_fk_catalog_product_id; Type: FK CONSTRAINT; Schema: public; Owner: postgres
--

ALTER TABLE ONLY public.designs_saveddesign
    ADD CONSTRAINT designs_saveddesign_product_id_a827f32e_fk_catalog_product_id FOREIGN KEY (product_id) REFERENCES public.catalog_product(id) DEFERRABLE INITIALLY DEFERRED;


--
-- Name: designs_saveddesign designs_saveddesign_user_id_af427ff5_fk_users_user_id; Type: FK CONSTRAINT; Schema: public; Owner: postgres
--

ALTER TABLE ONLY public.designs_saveddesign
    ADD CONSTRAINT designs_saveddesign_user_id_af427ff5_fk_users_user_id FOREIGN KEY (user_id) REFERENCES public.users_user(id) DEFERRABLE INITIALLY DEFERRED;


--
-- Name: designs_template designs_template_product_id_0206f7ba_fk_catalog_product_id; Type: FK CONSTRAINT; Schema: public; Owner: postgres
--

ALTER TABLE ONLY public.designs_template
    ADD CONSTRAINT designs_template_product_id_0206f7ba_fk_catalog_product_id FOREIGN KEY (product_id) REFERENCES public.catalog_product(id) DEFERRABLE INITIALLY DEFERRED;


--
-- Name: designs_template designs_template_subcategory_id_2ee4f681_fk_catalog_s; Type: FK CONSTRAINT; Schema: public; Owner: postgres
--

ALTER TABLE ONLY public.designs_template
    ADD CONSTRAINT designs_template_subcategory_id_2ee4f681_fk_catalog_s FOREIGN KEY (subcategory_id) REFERENCES public.catalog_subcategory(id) DEFERRABLE INITIALLY DEFERRED;


--
-- Name: designs_templateelement designs_templateelem_template_id_6ad991bf_fk_designs_t; Type: FK CONSTRAINT; Schema: public; Owner: postgres
--

ALTER TABLE ONLY public.designs_templateelement
    ADD CONSTRAINT designs_templateelem_template_id_6ad991bf_fk_designs_t FOREIGN KEY (template_id) REFERENCES public.designs_template(id) DEFERRABLE INITIALLY DEFERRED;


--
-- Name: django_admin_log django_admin_log_content_type_id_c4bce8eb_fk_django_co; Type: FK CONSTRAINT; Schema: public; Owner: postgres
--

ALTER TABLE ONLY public.django_admin_log
    ADD CONSTRAINT django_admin_log_content_type_id_c4bce8eb_fk_django_co FOREIGN KEY (content_type_id) REFERENCES public.django_content_type(id) DEFERRABLE INITIALLY DEFERRED;


--
-- Name: django_admin_log django_admin_log_user_id_c564eba6_fk_users_user_id; Type: FK CONSTRAINT; Schema: public; Owner: postgres
--

ALTER TABLE ONLY public.django_admin_log
    ADD CONSTRAINT django_admin_log_user_id_c564eba6_fk_users_user_id FOREIGN KEY (user_id) REFERENCES public.users_user(id) DEFERRABLE INITIALLY DEFERRED;


--
-- Name: orders_order orders_order_billing_address_id_deb02e83_fk_users_address_id; Type: FK CONSTRAINT; Schema: public; Owner: postgres
--

ALTER TABLE ONLY public.orders_order
    ADD CONSTRAINT orders_order_billing_address_id_deb02e83_fk_users_address_id FOREIGN KEY (billing_address_id) REFERENCES public.users_address(id) DEFERRABLE INITIALLY DEFERRED;


--
-- Name: orders_order orders_order_shipping_address_id_c4f8227a_fk_users_address_id; Type: FK CONSTRAINT; Schema: public; Owner: postgres
--

ALTER TABLE ONLY public.orders_order
    ADD CONSTRAINT orders_order_shipping_address_id_c4f8227a_fk_users_address_id FOREIGN KEY (shipping_address_id) REFERENCES public.users_address(id) DEFERRABLE INITIALLY DEFERRED;


--
-- Name: orders_order orders_order_user_id_e9b59eb1_fk_users_user_id; Type: FK CONSTRAINT; Schema: public; Owner: postgres
--

ALTER TABLE ONLY public.orders_order
    ADD CONSTRAINT orders_order_user_id_e9b59eb1_fk_users_user_id FOREIGN KEY (user_id) REFERENCES public.users_user(id) DEFERRABLE INITIALLY DEFERRED;


--
-- Name: orders_orderitem orders_orderitem_design_id_88d4735f_fk_designs_saveddesign_id; Type: FK CONSTRAINT; Schema: public; Owner: postgres
--

ALTER TABLE ONLY public.orders_orderitem
    ADD CONSTRAINT orders_orderitem_design_id_88d4735f_fk_designs_saveddesign_id FOREIGN KEY (design_id) REFERENCES public.designs_saveddesign(id) DEFERRABLE INITIALLY DEFERRED;


--
-- Name: orders_orderitem orders_orderitem_order_id_fe61a34d_fk_orders_order_id; Type: FK CONSTRAINT; Schema: public; Owner: postgres
--

ALTER TABLE ONLY public.orders_orderitem
    ADD CONSTRAINT orders_orderitem_order_id_fe61a34d_fk_orders_order_id FOREIGN KEY (order_id) REFERENCES public.orders_order(id) DEFERRABLE INITIALLY DEFERRED;


--
-- Name: orders_orderitem orders_orderitem_product_id_afe4254a_fk_catalog_product_id; Type: FK CONSTRAINT; Schema: public; Owner: postgres
--

ALTER TABLE ONLY public.orders_orderitem
    ADD CONSTRAINT orders_orderitem_product_id_afe4254a_fk_catalog_product_id FOREIGN KEY (product_id) REFERENCES public.catalog_product(id) DEFERRABLE INITIALLY DEFERRED;


--
-- Name: orders_printjob_items orders_printjob_item_orderitem_id_6a28b55c_fk_orders_or; Type: FK CONSTRAINT; Schema: public; Owner: postgres
--

ALTER TABLE ONLY public.orders_printjob_items
    ADD CONSTRAINT orders_printjob_item_orderitem_id_6a28b55c_fk_orders_or FOREIGN KEY (orderitem_id) REFERENCES public.orders_orderitem(id) DEFERRABLE INITIALLY DEFERRED;


--
-- Name: orders_printjob_items orders_printjob_item_printjob_id_e2538cd9_fk_orders_pr; Type: FK CONSTRAINT; Schema: public; Owner: postgres
--

ALTER TABLE ONLY public.orders_printjob_items
    ADD CONSTRAINT orders_printjob_item_printjob_id_e2538cd9_fk_orders_pr FOREIGN KEY (printjob_id) REFERENCES public.orders_printjob(id) DEFERRABLE INITIALLY DEFERRED;


--
-- Name: orders_shipment orders_shipment_order_id_661ed8ed_fk_orders_order_id; Type: FK CONSTRAINT; Schema: public; Owner: postgres
--

ALTER TABLE ONLY public.orders_shipment
    ADD CONSTRAINT orders_shipment_order_id_661ed8ed_fk_orders_order_id FOREIGN KEY (order_id) REFERENCES public.orders_order(id) DEFERRABLE INITIALLY DEFERRED;


--
-- Name: users_address users_address_user_id_4c106ba4_fk_users_user_id; Type: FK CONSTRAINT; Schema: public; Owner: postgres
--

ALTER TABLE ONLY public.users_address
    ADD CONSTRAINT users_address_user_id_4c106ba4_fk_users_user_id FOREIGN KEY (user_id) REFERENCES public.users_user(id) DEFERRABLE INITIALLY DEFERRED;


--
-- Name: users_user_groups users_user_groups_group_id_9afc8d0e_fk_auth_group_id; Type: FK CONSTRAINT; Schema: public; Owner: postgres
--

ALTER TABLE ONLY public.users_user_groups
    ADD CONSTRAINT users_user_groups_group_id_9afc8d0e_fk_auth_group_id FOREIGN KEY (group_id) REFERENCES public.auth_group(id) DEFERRABLE INITIALLY DEFERRED;


--
-- Name: users_user_groups users_user_groups_user_id_5f6f5a90_fk_users_user_id; Type: FK CONSTRAINT; Schema: public; Owner: postgres
--

ALTER TABLE ONLY public.users_user_groups
    ADD CONSTRAINT users_user_groups_user_id_5f6f5a90_fk_users_user_id FOREIGN KEY (user_id) REFERENCES public.users_user(id) DEFERRABLE INITIALLY DEFERRED;


--
-- Name: users_user users_user_role_id_854f2687_fk_users_role_id; Type: FK CONSTRAINT; Schema: public; Owner: postgres
--

ALTER TABLE ONLY public.users_user
    ADD CONSTRAINT users_user_role_id_854f2687_fk_users_role_id FOREIGN KEY (role_id) REFERENCES public.users_role(id) DEFERRABLE INITIALLY DEFERRED;


--
-- Name: users_user_user_permissions users_user_user_perm_permission_id_0b93982e_fk_auth_perm; Type: FK CONSTRAINT; Schema: public; Owner: postgres
--

ALTER TABLE ONLY public.users_user_user_permissions
    ADD CONSTRAINT users_user_user_perm_permission_id_0b93982e_fk_auth_perm FOREIGN KEY (permission_id) REFERENCES public.auth_permission(id) DEFERRABLE INITIALLY DEFERRED;


--
-- Name: users_user_user_permissions users_user_user_permissions_user_id_20aca447_fk_users_user_id; Type: FK CONSTRAINT; Schema: public; Owner: postgres
--

ALTER TABLE ONLY public.users_user_user_permissions
    ADD CONSTRAINT users_user_user_permissions_user_id_20aca447_fk_users_user_id FOREIGN KEY (user_id) REFERENCES public.users_user(id) DEFERRABLE INITIALLY DEFERRED;


--
-- Name: zakeke_zakekeproduct zakeke_zakekeproduct_product_id_7008bf39_fk_catalog_product_id; Type: FK CONSTRAINT; Schema: public; Owner: postgres
--

ALTER TABLE ONLY public.zakeke_zakekeproduct
    ADD CONSTRAINT zakeke_zakekeproduct_product_id_7008bf39_fk_catalog_product_id FOREIGN KEY (product_id) REFERENCES public.catalog_product(id) DEFERRABLE INITIALLY DEFERRED;


--
-- PostgreSQL database dump complete
--

\unrestrict xyXuQqigQJlFHhdcoXhhsgKDiN1nxbliuy9a80BjvfFcRxushzvCPjLn2sdYwa9

